id,label
00000-JAM,0
00001-JAM,1
00002-JAM,1
00003-JAM,1
00004-JAM,1
00005-JAM,0
00006-JAM,1
00007-JAM,1
00008-JAM,1
00009-JAM,0
00010-JAM,0
00011-JAM,1
00012-JAM,1
00013-JAM,1
00014-JAM,0
00015-JAM,1
00016-JAM,1
00017-JAM,1
00018-JAM,1
00019-JAM,1
00020-JAM,1
00021-JAM,1
00022-JAM,1
00023-JAM,0
00024-JAM,1
00025-JAM,1
00026-JAM,1
00027-JAM,1
00028-JAM,1
00029-JAM,1
00030-JAM,1
00031-JAM,1
00032-JAM,1
00033-JAM,1
00034-JAM,1
00035-JAM,1
00036-JAM,1
00037-JAM,0
00038-JAM,1
00039-JAM,0
00040-JAM,0
00041-JAM,1
00042-JAM,0
00043-JAM,1
00044-JAM,0
00045-JAM,1
00046-JAM,1
00047-JAM,1
00048-JAM,0
00049-JAM,1
00050-JAM,1
00051-JAM,1
00052-JAM,0
00053-JAM,1
00054-JAM,1
00055-JAM,0
00056-JAM,1
00057-JAM,0
00058-JAM,1
00059-JAM,1
00060-JAM,0
00061-JAM,1
00062-JAM,1
00063-JAM,0
00064-JAM,1
00065-JAM,1
00066-JAM,0
00067-JAM,1
00068-JAM,1
00069-JAM,1
00070-JAM,1
00071-JAM,1
00072-JAM,1
00073-JAM,0
00074-JAM,1
00075-JAM,1
00076-JAM,0
00077-JAM,0
00078-JAM,1
00079-JAM,0
00080-JAM,1
00081-JAM,1
00082-JAM,0
00083-JAM,1
00084-JAM,0
00085-JAM,1
00086-JAM,1
00087-JAM,0
00088-JAM,1
00089-JAM,0
00090-JAM,1
00091-JAM,1
00092-JAM,1
00093-JAM,0
00094-JAM,0
00095-JAM,1
00096-JAM,1
00097-JAM,1
00098-JAM,1
00099-JAM,1
00100-JAM,0
00101-JAM,0
00102-JAM,1
00103-JAM,1
00104-JAM,1
00105-JAM,1
00106-JAM,0
00107-JAM,1
00108-JAM,1
00109-JAM,1
00110-JAM,1
00111-JAM,1
00112-JAM,0
00113-JAM,1
00114-JAM,0
00115-JAM,1
00116-JAM,1
00117-JAM,1
00118-JAM,1
00119-JAM,1
00120-JAM,0
00121-JAM,0
00122-JAM,1
00123-JAM,1
00124-JAM,0
00125-JAM,1
00126-StEUS,0
00127-StEUS,1
00128-StEUS,1
00129-StEUS,1
00130-StEUS,0
00131-StEUS,1
00132-StEUS,0
00133-StEUS,1
00134-StEUS,0
00135-StEUS,1
00136-StEUS,0
00137-StEUS,0
00138-StEUS,0
00139-StEUS,1
00140-StEUS,0
00141-StEUS,1
00142-StEUS,0
00143-StEUS,1
00144-StEUS,0
00145-StEUS,1
00146-StEUS,0
00147-StEUS,1
00148-StEUS,1
00149-StEUS,1
00150-StEUS,1
00151-StEUS,1
00152-StEUS,1
00153-StEUS,0
00154-StEUS,0
00155-StEUS,1
00156-StEUS,0
00157-StEUS,1
00158-StEUS,0
00159-StEUS,1
00160-StEUS,0
00161-StEUS,1
00162-StEUS,1
00163-StEUS,1
00164-StEUS,1
00165-StEUS,1
00166-StEUS,1
00167-StEUS,1
00168-StEUS,1
00169-StEUS,0
00170-StEUS,1
00171-StEUS,1
00172-StEUS,1
00173-StEUS,0
00174-StEUS,1
00175-StEUS,0
00176-StEUS,1
00177-StEUS,0
00178-StEUS,0
00179-StEUS,0
00180-StEUS,0
00181-StEUS,1
00182-StEUS,1
00183-StEUS,0
00184-StEUS,1
00185-StEUS,1
00186-StEUS,0
00187-StEUS,0
00188-StEUS,0
00189-StEUS,1
00190-StEUS,1
00191-StEUS,0
00192-StEUS,1
00193-StEUS,0
00194-BON,0
00195-BON,1
00196-BON,0
00197-BON,0
00198-BON,0
00199-BON,1
00200-BON,1
00201-BON,0
00202-BON,0
00203-BON,0
00204-BON,1
00205-BON,0
00206-BON,1
00207-BON,1
00208-BON,0
00209-BON,1
00210-BON,1
00211-BON,0
00212-BON,1
00213-BON,1
00214-BON,1
00215-BON,1
00216-BON,1
00217-BON,1
00218-BON,0
00219-BON,1
00220-BON,1
00221-BON,1
00222-BON,1
00223-BON,1
00224-BON,0
00225-BON,1
00226-BON,1
00227-BON,0
00228-BON,1
00229-BON,1
00230-BON,1
00231-BON,0
00232-BON,1
00233-BON,0
00234-BON,1
00235-BON,1
00236-BON,1
00237-BON,0
00238-BON,1
00239-BON,0
00240-BON,1
00241-BON,0
00242-BON,1
00243-BON,0
00244-BON,1
00245-BON,1
00246-BON,0
00247-BON,1
00248-BON,1
00249-BON,0
00250-BON,0
00251-BON,1
00252-BON,0
00253-BON,1
00254-BON,1
00255-BON,0
00256-BON,1
00257-BON,1
00258-BON,0
00259-BON,0
00260-BON,1
00261-BON,0
00262-BON,1
00263-BON,1
00264-BON,0
00265-BON,1
00266-BON,0
00267-BON,1
00268-BON,0
00269-BON,1
00270-BON,1
00271-BON,0
00272-BON,1
00273-BON,0
00274-BON,0
00275-BON,1
00276-BON,0
00277-BON,1
00278-BON,0
00279-BON,1
00280-BON,0
00281-BON,1
00282-BON,1
00283-BON,0
00284-BON,1
00285-BON,0
00286-BON,1
00287-BON,0
00288-BON,1
00289-BON,0
00290-BON,1
00291-BON,0
00292-BON,1
00293-BON,0
00294-BON,1
00295-BON,0
00296-BON,1
00297-BON,1
00298-BON,0
00299-BON,1
00300-BON,0
00301-BON,0
00302-BON,1
00303-BON,1
00304-BON,0
00305-BON,1
00306-BON,1
00307-BON,0
00308-BON,1
00309-BON,1
00310-BON,0
00311-BON,0
00312-BON,0
00313-BON,1
00314-BON,1
00315-BON,0
00316-BON,1
00317-BON,0
00318-BON,1
00319-BON,0
00320-BON,1
00321-BON,1
00322-BON,0
00323-BON,1
00324-BON,0
00325-BON,1
00326-BON,0
00327-BON,1
00328-BON,1
00329-BON,1
00330-BON,1
00331-BON,0
00332-BON,1
00333-BON,0
00334-BON,1
00335-BON,0
00336-BON,0
00337-BON,1
00338-BON,0
00339-BON,1
00340-BON,0
00341-BON,1
00342-BON,0
00343-BON,0
00344-BON,1
00345-BON,0
00346-BON,1
00347-BON,0
00348-BON,1
00349-BON,1
00350-BON,0
00351-BON,0
00352-BON,1
00353-BON,1
00354-BON,0
00355-BON,1
00356-BON,1
00357-BON,0
00358-BON,1
00359-BON,0
00360-BON,1
00361-BON,0
00362-BON,1
00363-BON,0
00364-BON,1
00365-BON,0
00366-BON,1
00367-BON,0
00368-BON,1
00369-BON,1
00370-BON,0
00371-BON,1
00372-BON,0
00373-BON,1
00374-BON,0
00375-BON,1
00376-BON,0
00377-BON,0
00378-BON,1
00379-BON,1
00380-BON,0
00381-BON,0
00382-BON,1
00383-BON,1
00384-BON,1
00385-BON,0
00386-BON,0
00387-BON,1
00388-BON,1
00389-BON,0
00390-BON,0
00391-BON,1
00392-BON,1
00393-BON,1
00394-BON,1
00395-BON,0
00396-BON,1
00397-BON,1
00398-BON,1
00399-BON,0
00400-BON,1
00401-BON,1
00402-BON,1
00403-BON,1
00404-BON,1
00405-BON,1
00406-BON,1
00407-BON,0
00408-BON,0
00409-BON,0
00410-BON,0
00411-BON,1
00412-BON,1
00413-BON,1
00414-BON,1
00415-BON,0
00416-BON,1
00417-BON,0
00418-BON,1
00419-BON,1
00420-BON,1
00421-BON,0
00422-BON,1
00423-BON,1
00424-BON,1
00425-BON,1
00426-BON,1
00427-BON,1
00428-BON,1
00429-BON,1
00430-BON,0
00431-BON,0
00432-BON,0
00433-BON,1
00434-BON,1
00435-BON,0
00436-BON,1
00437-BON,0
00438-BON,0
00439-BAHAMAS,0
00440-BAHAMAS,0
00441-BAHAMAS,0
00442-BAHAMAS,0
00443-BAHAMAS,0
00444-BAHAMAS,0
00445-BAHAMAS,0
00446-BAHAMAS,0
00447-BAHAMAS,0
00448-BAHAMAS,0
00449-BAHAMAS,0
00450-BAHAMAS,0
00451-BAHAMAS,0
00452-BAHAMAS,0
00453-BAHAMAS,0
00454-BAHAMAS,0
00455-BAHAMAS,0
00456-BAHAMAS,0
00457-BAHAMAS,0
00458-BAHAMAS,0
00459-BAHAMAS,0
00460-BAHAMAS,0
00461-BAHAMAS,0
00462-BAHAMAS,0
00463-BAHAMAS,0
00464-BAHAMAS,0
00465-BAHAMAS,0
00466-BAHAMAS,0
00467-BAHAMAS,0
00468-BAHAMAS,0
00469-BAHAMAS,0
00470-BAHAMAS,0
00471-BAHAMAS,0
00472-BAHAMAS,0
00473-BAHAMAS,0
00474-BAHAMAS,0
00475-BAHAMAS,0
00476-BAHAMAS,0
00477-BAHAMAS,0
00478-BAHAMAS,0
00479-BAHAMAS,0
00480-BAHAMAS,0
00481-BAHAMAS,0
00482-BAHAMAS,0
00483-BAHAMAS,0
00484-BAHAMAS,0
00485-BAHAMAS,0
00486-BAHAMAS,0
00487-BAHAMAS,0
00488-BAHAMAS,0
00489-BAHAMAS,0
00490-BAHAMAS,0
00491-BAHAMAS,0
00492-BAHAMAS,0
00493-BAHAMAS,0
00494-BAHAMAS,0
00495-BAHAMAS,0
00496-BAHAMAS,0
00497-BAHAMAS,0
00498-BAHAMAS,0
00499-BAHAMAS,0
00500-BAHAMAS,0
00501-BAHAMAS,0
00502-BAHAMAS,0
00503-BAHAMAS,0
00504-BAHAMAS,0
00505-BAHAMAS,0
00506-BAHAMAS,0
00507-BAHAMAS,0
00508-BAHAMAS,0
00509-BAHAMAS,0
00510-BAHAMAS,0
00511-BAHAMAS,0
00512-BAHAMAS,0
00513-BAHAMAS,0
00514-BAHAMAS,0
00515-JAM,0
00516-JAM,0
00517-JAM,0
00518-JAM,0
00519-JAM,0
00520-JAM,1
00521-JAM,0
00522-JAM,0
00523-JAM,0
00524-JAM,0
00525-JAM,0
00526-JAM,0
00527-JAM,0
00528-JAM,0
00529-JAM,1
00530-JAM,1
00531-JAM,1
00532-JAM,1
00533-JAM,1
00534-JAM,1
00535-JAM,1
00536-JAM,1
00537-JAM,1
00538-JAM,0
00539-JAM,1
00540-JAM,1
00541-JAM,0
00542-JAM,0
00543-JAM,0
00544-JAM,0
00545-JAM,1
00546-JAM,0
00547-JAM,1
00548-JAM,0
00549-JAM,1
00550-JAM,1
00551-JAM,1
00552-JAM,1
00553-JAM,1
00554-JAM,1
00555-JAM,1
00556-JAM,1
00557-JAM,1
00558-JAM,1
00559-JAM,1
00560-JAM,1
00561-JAM,1
00562-JAM,1
00563-GUA,0
00564-GUA,1
00565-GUA,0
00566-GUA,1
00567-GUA,0
00568-GUA,1
00569-GUA,1
00570-GUA,1
00571-GUA,1
00572-GUA,0
00573-GUA,1
00574-GUA,0
00575-GUA,0
00576-GUA,0
00577-GUA,1
00578-GUA,1
00579-GUA,1
00580-GUA,1
00581-GUA,1
00582-GUA,1
00583-GUA,0
00584-GUA,1
00585-GUA,1
00586-GUA,1
00587-GUA,1
00588-GUA,1
00589-GUA,1
00590-GUA,1
00591-GUA,1
00592-GUA,1
00593-GUA,1
00594-GUA,1
00595-GUA,1
00596-GUA,1
00597-GUA,1
00598-GUA,0
00599-GUA,0
00600-GUA,0
00601-GUA,0
00602-GUA,0
00603-GUA,0
00604-GUA,1
00605-GUA,1
00606-GUA,1
00607-GUA,1
00608-GUA,1
00609-GUA,1
00610-GUA,1
00611-GUA,1
00612-GUA,1
00613-GUA,1
00614-GUA,0
00615-GUA,0
00616-GUA,0
00617-GUA,0
00618-GUA,0
00619-GUA,0
00620-GUA,0
00621-GUA,0
00622-GUA,0
00623-GUA,0
00624-GUA,0
00625-GUA,0
00626-GUA,0
00627-GUA,0
00628-GUA,1
00629-GUA,1
00630-GUA,1
00631-GUA,1
00632-GUA,1
00633-GUA,1
00634-GUA,1
00635-GUA,1
00636-GUA,1
00637-GUA,1
00638-GUA,1
00639-GUA,1
00640-GUA,1
00641-GUA,1
00642-GUA,1
00643-JAM,0
00644-JAM,0
00645-JAM,0
00646-JAM,1
00647-JAM,1
00648-JAM,1
00649-JAM,1
00650-JAM,1
00651-JAM,0
00652-JAM,0
00653-JAM,1
00654-JAM,1
00655-JAM,1
00656-JAM,1
00657-JAM,1
00658-JAM,1
00659-JAM,1
00660-JAM,1
00661-JAM,1
00662-JAM,1
00663-JAM,1
00664-JAM,1
00665-JAM,1
00666-JAM,0
00667-JAM,0
00668-JAM,0
00669-JAM,1
00670-JAM,1
00671-JAM,1
00672-JAM,1
00673-JAM,1
00674-JAM,1
00675-JAM,1
00676-JAM,1
00677-JAM,1
00678-JAM,1
00679-JAM,1
00680-JAM,1
00681-JAM,1
00682-JAM,1
00683-JAM,1
00684-JAM,1
00685-JAM,1
00686-JAM,1
00687-JAM,1
00688-JAM,1
00689-JAM,1
00690-JAM,1
00691-JAM,1
00692-JAM,1
00693-JAM,1
00694-JAM,0
00695-JAM,0
00696-JAM,1
00697-JAM,1
00698-JAM,1
00699-JAM,1
00700-JAM,0
00701-JAM,0
00702-JAM,0
00703-JAM,0
00704-JAM,0
00705-JAM,0
00706-JAM,0
00707-JAM,0
00708-JAM,1
00709-JAM,1
00710-JAM,1
00711-JAM,1
00712-JAM,1
00713-JAM,1
00714-JAM,1
00715-JAM,1
00716-JAM,1
00717-JAM,1
00718-JAM,1
00719-JAM,1
00720-JAM,1
00721-JAM,1
00722-ARUBA,1
00723-ARUBA,0
00724-ARUBA,1
00725-ARUBA,0
00726-ARUBA,1
00727-ARUBA,0
00728-ARUBA,1
00729-ARUBA,0
00730-ARUBA,1
00731-ARUBA,0
00732-ARUBA,1
00733-ARUBA,1
00734-ARUBA,1
00735-ARUBA,0
00736-ARUBA,0
00737-ARUBA,0
00738-ARUBA,0
00739-ARUBA,0
00740-ARUBA,0
00741-ARUBA,0
00742-ARUBA,0
00743-ARUBA,0
00744-ARUBA,0
00745-ARUBA,0
00746-ARUBA,0
00747-ARUBA,0
00748-ARUBA,1
00749-ARUBA,1
00750-ARUBA,1
00751-ARUBA,1
00752-ARUBA,1
00753-ARUBA,1
00754-ARUBA,1
00755-ARUBA,1
00756-ARUBA,1
00757-ARUBA,1
00758-ARUBA,1
00759-ARUBA,1
00760-ARUBA,1
00761-ARUBA,0
00762-ARUBA,0
00763-ARUBA,0
00764-ARUBA,0
00765-ARUBA,1
00766-ARUBA,0
00767-ARUBA,0
00768-ARUBA,1
00769-ARUBA,1
00770-ARUBA,1
00771-ARUBA,1
00772-ARUBA,1
00773-ARUBA,1
00774-ARUBA,1
00775-ARUBA,1
00776-ARUBA,1
00777-ARUBA,0
00778-ARUBA,1
00779-ARUBA,0
00780-ARUBA,0
00781-ARUBA,0
00782-ARUBA,1
00783-ARUBA,1
00784-ARUBA,1
00785-ARUBA,1
00786-ARUBA,0
00787-ARUBA,1
00788-ARUBA,0
00789-ARUBA,1
00790-ARUBA,1
00791-ARUBA,1
00792-ARUBA,1
00793-ARUBA,1
00794-ARUBA,1
00795-ARUBA,1
00796-ARUBA,1
00797-ARUBA,1
00798-ARUBA,1
00799-ARUBA,1
00800-ARUBA,1
00801-ARUBA,1
00802-ARUBA,1
00803-ARUBA,1
00804-ARUBA,1
00805-ARUBA,1
00806-ARUBA,1
00807-ARUBA,0
00808-ARUBA,1
00809-ARUBA,0
00810-ARUBA,1
00811-ARUBA,1
00812-ARUBA,0
00813-ARUBA,1
00814-ARUBA,0
00815-ARUBA,1
00816-ARUBA,1
00817-ARUBA,1
00818-ARUBA,1
00819-ARUBA,1
00820-ARUBA,1
00821-ARUBA,1
00822-ARUBA,1
00823-ARUBA,1
00824-ARUBA,0
00825-ARUBA,1
00826-ARUBA,0
00827-ARUBA,1
00828-ARUBA,0
00829-ARUBA,1
00830-ARUBA,1
00831-ARUBA,1
00832-ARUBA,0
00833-ARUBA,1
00834-ARUBA,0
00835-ARUBA,1
00836-ARUBA,1
00837-ARUBA,1
00838-ARUBA,1
00839-ARUBA,1
00840-ARUBA,1
00841-ARUBA,1
00842-ARUBA,0
00843-ARUBA,1
00844-ARUBA,0
00845-ARUBA,1
00846-ARUBA,1
00847-ARUBA,1
00848-ARUBA,1
00849-ARUBA,1
00850-ARUBA,0
00851-ARUBA,0
00852-ARUBA,0
00853-ARUBA,0
00854-ARUBA,0
00855-ARUBA,0
00856-ARUBA,0
00857-ARUBA,0
00858-ARUBA,0
00859-ARUBA,0
00860-ARUBA,1
00861-ARUBA,1
00862-ARUBA,1
00863-ARUBA,0
00864-ARUBA,0
00865-ARUBA,0
00866-ARUBA,0
00867-ARUBA,0
00868-ARUBA,1
00869-ARUBA,1
00870-ARUBA,1
00871-ARUBA,1
00872-ARUBA,1
00873-ARUBA,1
00874-ARUBA,1
00875-ARUBA,1
00876-ARUBA,0
00877-ARUBA,1
00878-ARUBA,0
00879-ARUBA,1
00880-ARUBA,1
00881-ARUBA,0
00882-GUA,0
00883-GUA,0
00884-GUA,0
00885-GUA,0
00886-GUA,0
00887-GUA,0
00888-GUA,0
00889-GUA,0
00890-GUA,0
00891-GUA,1
00892-GUA,1
00893-GUA,1
00894-GUA,1
00895-GUA,1
00896-GUA,0
00897-GUA,0
00898-GUA,0
00899-GUA,1
00900-GUA,0
00901-GUA,0
00902-GUA,1
00903-GUA,0
00904-GUA,1
00905-GUA,0
00906-GUA,1
00907-GUA,0
00908-GUA,1
00909-GUA,0
00910-GUA,1
00911-GUA,0
00912-GUA,1
00913-GUA,1
00914-GUA,0
00915-GUA,0
00916-GUA,0
00917-GUA,1
00918-GUA,1
00919-GUA,1
00920-GUA,1
00921-GUA,1
00922-GUA,1
00923-GUA,1
00924-GUA,1
00925-GUA,1
00926-GUA,1
00927-GUA,1
00928-GUA,1
00929-GUA,1
00930-GUA,1
00931-GUA,1
00932-GUA,1
00933-GUA,1
00934-GUA,1
00935-GUA,1
00936-GUA,0
00937-GUA,0
00938-GUA,0
00939-GUA,0
00940-GUA,0
00941-GUA,0
00942-GUA,0
00943-GUA,1
00944-GUA,1
00945-GUA,1
00946-GUA,1
00947-GUA,1
00948-GUA,0
00949-GUA,0
00950-GUA,1
00951-GUA,1
00952-GUA,0
00953-GUA,0
00954-GUA,0
00955-GUA,1
00956-GUA,1
00957-GUA,1
00958-GUA,1
00959-GUA,1
00960-GUA,1
00961-GUA,1
00962-GUA,1
00963-GUA,0
00964-GUA,0
00965-GUA,0
00966-GUA,0
00967-GUA,0
00968-GUA,0
00969-GUA,0
00970-GUA,0
00971-GUA,0
00972-GUA,0
00973-GUA,1
00974-GUA,0
00975-GUA,1
00976-GUA,1
00977-GUA,1
00978-GUA,1
00979-GUA,0
00980-GUA,1
00981-GUA,1
00982-GUA,1
00983-GUA,1
00984-GUA,1
00985-GUA,1
00986-GUA,1
00987-GUA,1
00988-GUA,1
00989-GUA,1
00990-GUA,1
00991-GUA,1
00992-GUA,1
00993-GUA,1
00994-GUA,1
00995-GUA,1
00996-GUA,0
00997-GUA,1
00998-GUA,0
00999-GUA,0
01000-GUA,1
01001-GUA,1
01002-GUA,1
01003-GUA,1
01004-GUA,1
01005-GUA,1
01006-GUA,1
01007-GUA,1
01008-GUA,1
01009-GUA,1
01010-JAM,0
01011-JAM,0
01012-JAM,0
01013-JAM,0
01014-JAM,0
01015-JAM,0
01016-JAM,0
01017-JAM,0
01018-JAM,0
01019-JAM,0
01020-JAM,0
01021-JAM,0
01022-JAM,0
01023-JAM,0
01024-JAM,0
01025-JAM,0
01026-JAM,0
01027-JAM,0
01028-JAM,0
01029-JAM,0
01030-JAM,0
01031-JAM,0
01032-JAM,0
01033-JAM,0
01034-JAM,0
01035-JAM,0
01036-JAM,0
01037-JAM,0
01038-JAM,0
01039-JAM,0
01040-JAM,0
01041-JAM,0
01042-JAM,0
01043-JAM,0
01044-JAM,0
01045-JAM,0
01046-JAM,0
01047-JAM,0
01048-JAM,0
01049-JAM,0
01050-JAM,0
01051-JAM,0
01052-JAM,0
01053-JAM,0
01054-JAM,0
01055-JAM,0
01056-JAM,0
01057-JAM,0
01058-JAM,0
01059-JAM,0
01060-JAM,0
01061-JAM,0
01062-JAM,0
01063-JAM,0
01064-JAM,0
01065-JAM,0
01066-JAM,0
01067-JAM,0
01068-BON,0
01069-BON,0
01070-BON,0
01071-BON,0
01072-BON,0
01073-BON,0
01074-BON,0
01075-BON,0
01076-BON,0
01077-BON,0
01078-BON,0
01079-BON,0
01080-BON,0
01081-BON,0
01082-BON,0
01083-BON,0
01084-BON,0
01085-BON,0
01086-BON,0
01087-BON,0
01088-BON,0
01089-BON,0
01090-BON,0
01091-BON,0
01092-BON,0
01093-BON,0
01094-BON,0
01095-BON,0
01096-BON,0
01097-BON,0
01098-BON,0
01099-BON,0
01100-BON,0
01101-BON,0
01102-JAM,0
01103-JAM,0
01104-JAM,0
01105-JAM,0
01106-JAM,1
01107-JAM,1
01108-JAM,1
01109-JAM,0
01110-JAM,1
01111-JAM,0
01112-JAM,1
01113-JAM,0
01114-JAM,1
01115-JAM,1
01116-JAM,0
01117-JAM,1
01118-JAM,0
01119-JAM,1
01120-JAM,1
01121-JAM,0
01122-JAM,0
01123-JAM,0
01124-JAM,0
01125-JAM,0
01126-JAM,0
01127-JAM,0
01128-JAM,0
01129-JAM,1
01130-JAM,1
01131-JAM,1
01132-JAM,1
01133-JAM,1
01134-JAM,0
01135-JAM,1
01136-JAM,0
01137-JAM,0
01138-JAM,0
01139-JAM,1
01140-JAM,0
01141-JAM,0
01142-JAM,1
01143-JAM,0
01144-JAM,0
01145-JAM,1
01146-JAM,1
01147-JAM,0
01148-JAM,0
01149-JAM,1
01150-JAM,0
01151-JAM,1
01152-JAM,0
01153-JAM,0
01154-JAM,1
01155-JAM,0
01156-JAM,0
01157-JAM,0
01158-JAM,0
01159-JAM,1
01160-JAM,1
01161-JAM,1
01162-JAM,1
01163-JAM,1
01164-JAM,1
01165-JAM,1
01166-JAM,1
01167-JAM,1
01168-JAM,1
01169-JAM,1
01170-JAM,1
01171-JAM,0
01172-JAM,0
01173-JAM,0
01174-JAM,0
01175-BON,0
01176-BON,0
01177-BON,0
01178-BON,0
01179-BON,0
01180-BON,0
01181-BON,0
01182-BON,0
01183-BON,0
01184-BON,0
01185-BON,0
01186-BON,0
01187-BON,0
01188-BON,0
01189-BON,0
01190-BON,0
01191-BON,0
01192-BON,0
01193-BON,0
01194-BON,0
01195-BON,0
01196-BON,0
01197-BON,0
01198-BON,0
01199-BON,0
01200-BON,0
01201-BON,0
01202-BON,0
01203-BON,0
01204-BON,0
01205-BON,0
01206-BON,0
01207-BON,0
01208-BON,0
01209-BON,0
01210-BON,0
01211-BON,0
01212-BON,0
01213-BON,0
01214-BON,0
01215-StEUS,0
01216-StEUS,0
01217-StEUS,0
01218-StEUS,0
01219-StEUS,0
01220-StEUS,0
01221-StEUS,0
01222-StEUS,0
01223-StEUS,0
01224-StEUS,0
01225-StEUS,0
01226-StEUS,0
01227-StEUS,0
01228-StEUS,0
01229-StEUS,0
01230-StEUS,0
01231-StEUS,0
01232-StEUS,0
01233-StEUS,0
01234-StEUS,0
01235-StEUS,0
01236-StEUS,0
01237-StEUS,0
01238-StEUS,0
01239-StEUS,0
01240-StEUS,0
01241-StEUS,1
01242-StEUS,1
01243-StEUS,1
01244-StEUS,1
01245-StEUS,1
01246-StEUS,1
01247-StMARTIN,0
01248-StMARTIN,0
01249-StMARTIN,0
01250-StMARTIN,0
01251-StMARTIN,1
01252-StMARTIN,1
01253-StMARTIN,1
01254-StMARTIN,1
01255-StMARTIN,1
01256-StMARTIN,1
01257-StMARTIN,1
01258-StMARTIN,1
01259-BON,0
01260-BON,0
01261-BON,0
01262-BON,1
01263-BON,1
01264-BON,1
01265-BON,1
01266-BON,1
01267-BON,1
01268-BON,1
01269-BON,1
01270-BON,1
01271-BON,1
01272-BON,0
01273-BON,1
01274-BON,1
01275-BON,1
01276-BON,1
01277-BON,1
01278-BON,1
01279-BON,1
01280-BON,0
01281-BON,0
01282-BON,1
01283-BON,1
01284-BON,1
01285-BON,1
01286-BON,1
01287-BON,1
01288-BON,1
01289-BON,1
01290-BON,1
01291-BON,1
01292-BON,1
01293-BON,0
01294-BON,0
01295-BON,0
01296-BON,0
01297-BON,0
01298-BON,0
01299-BON,0
01300-BON,0
01301-BON,0
01302-BON,0
01303-BON,0
01304-BON,0
01305-BON,0
01306-BON,0
01307-BON,0
01308-BON,0
01309-BON,0
01310-BON,0
01311-BON,0
01312-BON,0
01313-BON,1
01314-BON,1
01315-BON,1
01316-BON,1
01317-BON,1
01318-BON,1
01319-BON,1
01320-BON,1
01321-BON,1
01322-BON,1
01323-BON,1
01324-BON,1
01325-BON,1
01326-BON,1
01327-BON,1
01328-BON,1
01329-BON,1
01330-BON,1
01331-BON,1
01332-BON,1
01333-BON,1
01334-BON,1
01335-BON,1
01336-BON,1
01337-BON,1
01338-BON,1
01339-BON,1
01340-BON,1
01341-BON,1
01342-BON,1
01343-BON,1
01344-BON,1
01345-BON,1
01346-BON,1
01347-BON,1
01348-BON,1
01349-BON,0
01350-BON,0
01351-BON,0
01352-BON,0
01353-BON,0
01354-BON,0
01355-BON,0
01356-BON,0
01357-BON,0
01358-BON,0
01359-BON,0
01360-BON,0
01361-BON,0
01362-BON,0
01363-BON,0
01364-BON,0
01365-BON,0
01366-BON,0
01367-BON,0
01368-BON,0
01369-BON,0
01370-BON,0
01371-BON,0
01372-BON,0
01373-BON,0
01374-BON,0
01375-BON,0
01376-BON,0
01377-BON,0
01378-BON,0
01379-BON,0
01380-BON,0
01381-BON,0
01382-BON,0
01383-BON,0
01384-BON,0
01385-BON,0
01386-BON,0
01387-BON,0
01388-BON,0
01389-BON,0
01390-BON,0
01391-BON,0
01392-BON,0
01393-BON,0
01394-BON,0
01395-BON,0
01396-BON,0
01397-BON,0
01398-BON,0
01399-BON,0
01400-BON,0
01401-BON,0
01402-BON,0
01403-BON,0
01404-BON,0
01405-BON,0
01406-BON,0
01407-BON,0
01408-BON,0
01409-BON,0
01410-BON,0
01411-BON,0
01412-BON,0
01413-BON,0
01414-BON,0
01415-BON,0
01416-BON,0
01417-BON,0
01418-BON,0
01419-BON,0
01420-BON,0
01421-BON,0
01422-BON,0
01423-BON,0
01424-BON,0
01425-BON,0
01426-BON,0
01427-BON,0
01428-BON,0
01429-BON,0
01430-BON,0
01431-BON,0
01432-BON,0
01433-BON,0
01434-BON,0
01435-BON,0
01436-BON,0
01437-BON,0
01438-BON,0
01439-BON,0
01440-BON,0
01441-BON,0
01442-BON,0
01443-BON,0
01444-BON,0
01445-BON,0
01446-BON,0
01447-BON,0
01448-BON,0
01449-BON,0
01450-BON,0
01451-BON,0
01452-BON,0
01453-BON,0
01454-BON,0
01455-BON,0
01456-BON,0
01457-BON,0
01458-BON,0
01459-BON,0
01460-BON,0
01461-BON,0
01462-BON,0
01463-BON,0
01464-BON,0
01465-BON,0
01466-BON,0
01467-JAM,0
01468-JAM,0
01469-JAM,0
01470-JAM,0
01471-JAM,0
01472-JAM,0
01473-JAM,0
01474-JAM,0
01475-JAM,0
01476-JAM,0
01477-JAM,0
01478-JAM,0
01479-JAM,0
01480-JAM,0
01481-JAM,0
01482-JAM,0
01483-JAM,0
01484-JAM,0
01485-JAM,0
01486-JAM,0
01487-JAM,0
01488-JAM,0
01489-JAM,0
01490-JAM,0
01491-JAM,0
01492-JAM,0
01493-JAM,0
01494-JAM,0
01495-JAM,0
01496-JAM,0
01497-JAM,0
01498-JAM,0
01499-JAM,0
01500-JAM,0
01501-JAM,0
01502-GUA,0
01503-GUA,0
01504-GUA,0
01505-GUA,0
01506-GUA,0
01507-GUA,0
01508-GUA,0
01509-GUA,0
01510-GUA,0
01511-GUA,0
01512-GUA,0
01513-GUA,0
01514-GUA,0
01515-GUA,0
01516-GUA,0
01517-GUA,0
01518-GUA,0
01519-GUA,0
01520-GUA,0
01521-GUA,0
01522-GUA,0
01523-GUA,0
01524-GUA,0
01525-GUA,0
01526-GUA,0
01527-GUA,0
01528-GUA,0
01529-GUA,0
01530-GUA,0
01531-GUA,0
01532-GUA,0
01533-GUA,0
01534-GUA,0
01535-GUA,0
01536-GUA,0
01537-GUA,0
01538-BAHAMAS,1
01539-BAHAMAS,1
01540-BAHAMAS,1
01541-BAHAMAS,1
01542-BAHAMAS,1
01543-BAHAMAS,1
01544-BAHAMAS,1
01545-BAHAMAS,1
01546-BAHAMAS,1
01547-BAHAMAS,1
01548-BAHAMAS,1
01549-BAHAMAS,1
01550-BAHAMAS,1
01551-BAHAMAS,1
01552-BAHAMAS,1
01553-BAHAMAS,1
01554-BAHAMAS,1
01555-BAHAMAS,1
01556-BAHAMAS,1
01557-BAHAMAS,1
01558-BAHAMAS,1
01559-BAHAMAS,1
01560-BAHAMAS,1
01561-BAHAMAS,0
01562-BAHAMAS,0
01563-BAHAMAS,0
01564-BAHAMAS,0
01565-BAHAMAS,0
01566-BAHAMAS,0
01567-BAHAMAS,0
01568-BAHAMAS,0
01569-BAHAMAS,0
01570-BAHAMAS,0
01571-BAHAMAS,0
01572-BAHAMAS,0
01573-BAHAMAS,0
01574-BAHAMAS,0
01575-BAHAMAS,0
01576-BAHAMAS,0
01577-BAHAMAS,0
01578-BAHAMAS,0
01579-BAHAMAS,0
01580-BAHAMAS,0
01581-BAHAMAS,0
01582-BAHAMAS,0
01583-BAHAMAS,0
01584-BAHAMAS,0
01585-BAHAMAS,0
01586-BAHAMAS,0
01587-BAHAMAS,0
01588-BAHAMAS,0
01589-BAHAMAS,0
01590-BAHAMAS,0
01591-BAHAMAS,0
01592-JAM,1
01593-JAM,1
01594-JAM,1
01595-JAM,1
01596-JAM,1
01597-JAM,1
01598-JAM,1
01599-JAM,1
01600-JAM,1
01601-JAM,1
01602-JAM,1
01603-JAM,1
01604-JAM,1
01605-JAM,1
01606-JAM,1
01607-JAM,1
01608-JAM,1
01609-JAM,1
01610-JAM,1
01611-JAM,1
01612-JAM,1
01613-JAM,1
01614-JAM,1
01615-JAM,1
01616-JAM,1
01617-JAM,1
01618-JAM,1
01619-JAM,1
01620-JAM,1
01621-JAM,1
01622-JAM,1
01623-JAM,1
01624-JAM,1
01625-JAM,1
01626-JAM,1
01627-JAM,1
01628-JAM,1
01629-JAM,1
01630-JAM,1
01631-JAM,1
01632-JAM,1
01633-JAM,1
01634-JAM,1
01635-JAM,1
01636-JAM,1
01637-JAM,1
01638-JAM,1
01639-JAM,1
01640-JAM,1
01641-JAM,1
01642-JAM,1
01643-JAM,1
01644-JAM,0
01645-JAM,0
01646-JAM,0
01647-JAM,0
01648-JAM,0
01649-JAM,0
01650-JAM,0
01651-JAM,0
01652-JAM,0
01653-JAM,0
01654-JAM,0
01655-JAM,0
01656-JAM,0
01657-JAM,0
01658-JAM,0
01659-JAM,0
01660-JAM,0
01661-JAM,0
01662-JAM,0
01663-JAM,0
01664-JAM,0
01665-JAM,0
01666-JAM,0
01667-JAM,0
01668-JAM,0
01669-JAM,0
01670-JAM,0
01671-JAM,0
01672-JAM,0
01673-JAM,0
01674-JAM,1
01675-JAM,1
01676-JAM,1
01677-JAM,1
01678-JAM,1
01679-JAM,1
01680-JAM,1
01681-JAM,1
01682-JAM,1
01683-JAM,1
01684-JAM,1
01685-JAM,1
01686-JAM,1
01687-JAM,1
01688-JAM,1
01689-JAM,1
01690-JAM,1
01691-JAM,1
01692-JAM,1
01693-JAM,1
01694-JAM,1
01695-JAM,1
01696-JAM,1
01697-JAM,1
01698-JAM,1
01699-JAM,1
01700-JAM,1
01701-JAM,1
01702-JAM,1
01703-JAM,1
01704-JAM,1
01705-JAM,1
01706-JAM,1
01707-JAM,1
01708-JAM,1
01709-JAM,1
01710-JAM,1
01711-JAM,1
01712-JAM,1
01713-JAM,1
01714-JAM,1
01715-JAM,1
01716-JAM,1
01717-JAM,1
01718-JAM,1
01719-JAM,1
01720-JAM,1
01721-JAM,1
01722-JAM,1
01723-JAM,1
01724-JAM,1
01725-JAM,1
01726-JAM,1
01727-JAM,1
01728-JAM,1
01729-JAM,0
01730-JAM,0
01731-JAM,0
01732-JAM,0
01733-JAM,0
01734-JAM,0
01735-JAM,0
01736-JAM,0
01737-JAM,0
01738-JAM,0
01739-JAM,0
01740-JAM,0
01741-JAM,0
01742-JAM,0
01743-JAM,0
01744-JAM,0
01745-JAM,0
01746-JAM,0
01747-JAM,0
01748-JAM,0
01749-JAM,0
01750-JAM,0
01751-JAM,0
01752-JAM,0
01753-JAM,0
01754-JAM,0
01755-JAM,0
01756-JAM,0
01757-JAM,0
01758-JAM,0
01759-JAM,0
01760-JAM,0
01761-JAM,0
01762-JAM,0
01763-JAM,0
01764-JAM,0
01765-JAM,0
01766-JAM,0
01767-JAM,0
01768-JAM,0
01769-JAM,1
01770-JAM,1
01771-JAM,1
01772-JAM,1
01773-JAM,1
01774-JAM,1
01775-JAM,1
01776-JAM,1
01777-JAM,1
01778-JAM,1
01779-JAM,1
01780-JAM,1
01781-JAM,1
01782-JAM,1
01783-JAM,1
01784-JAM,1
01785-JAM,1
01786-JAM,1
01787-JAM,1
01788-JAM,1
01789-JAM,1
01790-JAM,1
01791-JAM,1
01792-JAM,1
01793-JAM,1
01794-JAM,1
01795-JAM,1
01796-JAM,1
01797-JAM,1
01798-JAM,1
01799-JAM,1
01800-JAM,1
01801-JAM,1
01802-JAM,1
01803-JAM,1
01804-JAM,1
01805-JAM,1
01806-JAM,1
01807-JAM,1
01808-JAM,1
01809-JAM,0
01810-JAM,0
01811-JAM,0
01812-JAM,0
01813-JAM,0
01814-JAM,0
01815-JAM,0
01816-JAM,0
01817-JAM,0
01818-JAM,0
01819-JAM,0
01820-JAM,0
01821-JAM,0
01822-JAM,0
01823-JAM,0
01824-JAM,0
01825-JAM,0
01826-JAM,0
01827-JAM,0
01828-JAM,0
01829-JAM,0
01830-JAM,0
01831-JAM,0
01832-JAM,0
01833-JAM,0
01834-JAM,0
01835-JAM,0
01836-JAM,0
01837-JAM,0
01838-JAM,0
01839-JAM,0
01840-JAM,0
01841-JAM,0
01842-JAM,0
01843-JAM,0
01844-JAM,0
01845-JAM,0
01846-JAM,0
01847-BON,1
01848-BON,1
01849-BON,1
01850-BON,1
01851-BON,1
01852-BON,1
01853-BON,1
01854-BON,1
01855-BON,1
01856-BON,1
01857-BON,1
01858-BON,1
01859-BON,1
01860-BON,1
01861-BON,1
01862-BON,1
01863-BON,1
01864-BON,1
01865-BON,1
01866-BON,1
01867-BON,1
01868-BON,1
01869-BON,1
01870-BON,1
01871-BON,1
01872-BON,1
01873-BON,1
01874-BON,1
01875-BON,1
01876-BON,1
01877-BON,1
01878-BON,1
01879-BON,1
01880-BON,1
01881-BON,1
01882-BON,1
01883-BON,1
01884-BON,1
01885-BON,1
01886-BON,1
01887-BON,1
01888-BON,1
01889-BON,1
01890-BON,1
01891-BON,1
01892-BON,1
01893-BON,1
01894-BON,1
01895-BON,1
01896-BON,1
01897-BON,1
01898-BON,1
01899-BON,1
01900-BON,1
01901-BON,1
01902-BON,1
01903-BON,1
01904-BON,1
01905-BON,1
01906-BON,1
01907-BON,1
01908-BON,1
01909-BON,1
01910-BON,1
01911-BON,1
01912-BON,1
01913-BON,1
01914-BON,1
01915-BON,1
01916-BON,0
01917-BON,0
01918-BON,0
01919-BON,0
01920-BON,0
01921-BON,0
01922-BON,0
01923-BON,0
01924-BON,0
01925-BON,0
01926-BON,0
01927-BON,0
01928-BON,0
01929-BON,0
01930-BON,1
01931-BON,1
01932-BON,1
01933-BON,1
01934-BON,1
01935-BON,1
01936-BON,1
01937-BON,1
01938-BON,1
01939-BON,1
01940-BON,1
01941-BON,1
01942-BON,0
01943-BON,0
01944-BON,0
01945-BON,0
01946-BON,0
01947-BON,0
01948-BON,0
01949-BON,1
01950-BON,1
01951-BON,1
01952-BON,1
01953-BON,1
01954-BON,1
01955-BON,1
01956-BON,1
01957-BON,1
01958-BON,1
01959-BON,1
01960-BON,1
01961-BON,1
01962-BON,1
01963-BON,1
01964-BON,1
01965-BON,1
01966-BON,1
01967-BON,1
01968-BON,1
01969-BON,1
01970-BON,1
01971-BON,1
01972-BON,1
01973-BON,1
01974-BON,1
01975-BON,1
01976-BON,1
01977-BON,1
01978-BON,1
01979-BON,1
01980-BON,1
01981-BON,0
01982-BON,0
01983-BON,0
01984-BON,0
01985-BON,0
01986-BON,0
01987-BON,0
01988-BON,0
01989-BON,0
01990-BON,0
01991-BON,0
01992-BON,0
01993-BON,0
01994-BON,0
01995-BON,0
01996-BON,0
01997-BON,0
01998-BON,0
01999-BON,0
02000-BON,0
02001-BON,0
02002-BON,0
02003-BON,0
02004-BON,0
02005-BON,0
02006-BON,0
02007-BON,0
02008-BON,0
02009-BON,0
02010-BON,0
02011-BON,0
02012-BON,0
02013-BON,0
02014-BON,0
02015-BON,0
02016-BON,0
02017-BON,0
02018-BON,0
02019-BON,0
02020-BON,0
02021-BON,0
02022-BON,0
02023-BON,0
02024-BON,0
02025-BON,0
02026-BON,0
02027-BON,0
02028-StMARTIN,1
02029-StMARTIN,1
02030-StMARTIN,1
02031-StMARTIN,1
02032-StMARTIN,1
02033-StMARTIN,1
02034-StMARTIN,1
02035-StMARTIN,1
02036-StMARTIN,1
02037-StMARTIN,1
02038-StMARTIN,1
02039-StMARTIN,1
02040-StMARTIN,1
02041-StMARTIN,1
02042-StMARTIN,1
02043-StMARTIN,1
02044-StMARTIN,1
02045-StMARTIN,1
02046-StMARTIN,1
02047-StMARTIN,1
02048-StMARTIN,1
02049-StMARTIN,1
02050-StMARTIN,1
02051-StMARTIN,1
02052-StMARTIN,1
02053-StMARTIN,1
02054-StMARTIN,1
02055-StMARTIN,1
02056-StMARTIN,1
02057-StMARTIN,1
02058-StMARTIN,1
02059-StMARTIN,1
02060-StMARTIN,1
02061-StMARTIN,1
02062-StMARTIN,1
02063-StMARTIN,1
02064-StMARTIN,1
02065-StMARTIN,1
02066-StMARTIN,1
02067-StMARTIN,1
02068-StMARTIN,1
02069-StMARTIN,1
02070-StMARTIN,1
02071-StMARTIN,1
02072-StMARTIN,1
02073-StMARTIN,1
02074-StMARTIN,1
02075-StMARTIN,1
02076-StMARTIN,1
02077-StMARTIN,1
02078-StMARTIN,1
02079-StMARTIN,1
02080-StMARTIN,1
02081-StMARTIN,1
02082-StMARTIN,0
02083-StMARTIN,0
02084-StMARTIN,0
02085-StMARTIN,0
02086-StMARTIN,0
02087-StMARTIN,0
02088-StMARTIN,0
02089-StMARTIN,0
02090-StMARTIN,0
02091-StMARTIN,0
02092-StMARTIN,0
02093-StMARTIN,0
02094-StMARTIN,0
02095-StMARTIN,0
02096-StMARTIN,0
02097-StMARTIN,0
02098-StMARTIN,0
02099-StMARTIN,0
02100-StMARTIN,0
02101-StMARTIN,0
02102-StMARTIN,0
02103-StMARTIN,0
02104-StMARTIN,0
02105-StMARTIN,0
02106-StMARTIN,0
02107-StMARTIN,0
02108-StMARTIN,0
02109-StMARTIN,0
02110-StMARTIN,0
02111-StMARTIN,0
02112-StMARTIN,0
02113-StMARTIN,0
02114-StMARTIN,0
02115-StMARTIN,0
02116-StMARTIN,0
02117-StMARTIN,0
02118-StMARTIN,0
02119-StMARTIN,0
02120-StMARTIN,0
02121-StMARTIN,0
02122-StMARTIN,0
02123-StMARTIN,0
02124-StMARTIN,0
02125-StMARTIN,0
02126-StMARTIN,0
02127-StMARTIN,0
02128-StMARTIN,0
02129-StMARTIN,0
02130-StMARTIN,0
02131-StMARTIN,0
02132-StMARTIN,0
02133-StMARTIN,0
02134-BAHAMAS,1
02135-BAHAMAS,1
02136-BAHAMAS,1
02137-BAHAMAS,1
02138-BAHAMAS,1
02139-BAHAMAS,1
02140-BAHAMAS,1
02141-BAHAMAS,1
02142-BAHAMAS,1
02143-BAHAMAS,1
02144-BAHAMAS,1
02145-BAHAMAS,1
02146-BAHAMAS,1
02147-BAHAMAS,1
02148-BAHAMAS,1
02149-BAHAMAS,1
02150-BAHAMAS,1
02151-BAHAMAS,1
02152-BAHAMAS,1
02153-BAHAMAS,1
02154-BAHAMAS,1
02155-BAHAMAS,1
02156-BAHAMAS,1
02157-BAHAMAS,1
02158-BAHAMAS,1
02159-BAHAMAS,1
02160-BAHAMAS,1
02161-BAHAMAS,1
02162-BAHAMAS,1
02163-BAHAMAS,1
02164-BAHAMAS,1
02165-BAHAMAS,1
02166-BAHAMAS,1
02167-BAHAMAS,1
02168-BAHAMAS,1
02169-BAHAMAS,1
02170-BAHAMAS,1
02171-BAHAMAS,1
02172-BAHAMAS,1
02173-BAHAMAS,1
02174-BAHAMAS,1
02175-BAHAMAS,1
02176-BAHAMAS,1
02177-BAHAMAS,1
02178-BAHAMAS,1
02179-BAHAMAS,1
02180-BAHAMAS,1
02181-BAHAMAS,1
02182-BAHAMAS,0
02183-BAHAMAS,0
02184-BAHAMAS,0
02185-BAHAMAS,0
02186-BAHAMAS,0
02187-BAHAMAS,0
02188-BAHAMAS,0
02189-BAHAMAS,0
02190-BAHAMAS,0
02191-BAHAMAS,0
02192-BAHAMAS,0
02193-BAHAMAS,0
02194-BAHAMAS,0
02195-BAHAMAS,0
02196-BAHAMAS,0
02197-BAHAMAS,0
02198-BAHAMAS,0
02199-BAHAMAS,0
02200-BAHAMAS,0
02201-BAHAMAS,0
02202-BAHAMAS,0
02203-BAHAMAS,0
02204-BAHAMAS,0
02205-BAHAMAS,0
02206-BAHAMAS,0
02207-BAHAMAS,0
02208-BAHAMAS,0
02209-BAHAMAS,0
02210-BAHAMAS,0
02211-BAHAMAS,0
02212-BAHAMAS,0
02213-BAHAMAS,0
02214-BAHAMAS,0
02215-BAHAMAS,0
02216-BAHAMAS,0
02217-BAHAMAS,0
02218-BAHAMAS,0
02219-BAHAMAS,0
02220-BAHAMAS,0
02221-BAHAMAS,0
02222-BAHAMAS,0
02223-BAHAMAS,0
02224-StMARTIN,1
02225-StMARTIN,1
02226-StMARTIN,1
02227-StMARTIN,1
02228-StMARTIN,1
02229-StMARTIN,1
02230-StMARTIN,1
02231-StMARTIN,1
02232-StMARTIN,1
02233-StMARTIN,1
02234-StMARTIN,1
02235-StMARTIN,1
02236-StMARTIN,1
02237-StMARTIN,1
02238-StMARTIN,1
02239-StMARTIN,1
02240-StMARTIN,1
02241-StMARTIN,1
02242-StMARTIN,1
02243-StMARTIN,1
02244-StMARTIN,1
02245-StMARTIN,1
02246-StMARTIN,1
02247-StMARTIN,1
02248-StMARTIN,1
02249-StMARTIN,1
02250-StMARTIN,1
02251-StMARTIN,1
02252-StMARTIN,0
02253-StMARTIN,0
02254-StMARTIN,0
02255-StMARTIN,0
02256-StMARTIN,0
02257-StMARTIN,0
02258-StMARTIN,0
02259-StMARTIN,0
02260-StMARTIN,0
02261-StMARTIN,0
02262-StMARTIN,0
02263-StMARTIN,0
02264-StMARTIN,0
02265-StMARTIN,0
02266-StMARTIN,0
02267-StMARTIN,0
02268-StMARTIN,0
02269-StMARTIN,0
02270-StMARTIN,0
02271-StMARTIN,0
02272-StMARTIN,0
02273-StMARTIN,0
02274-StMARTIN,0
02275-StMARTIN,0
02276-StMARTIN,0
02277-StMARTIN,0
02278-StMARTIN,0
02279-StMARTIN,0
02280-StMARTIN,0
02281-StMARTIN,0
02282-StMARTIN,0
02283-StMARTIN,0
02284-StMARTIN,0
02285-StMARTIN,0
02286-StMARTIN,0
02287-StMARTIN,0
02288-StMARTIN,0
02289-StMARTIN,0
02290-StMARTIN,0
02291-StMARTIN,0
02292-StMARTIN,0
02293-StMARTIN,0
02294-StMARTIN,0
02295-StMARTIN,0
02296-StMARTIN,0
02297-StMARTIN,0
02298-StMARTIN,0
02299-StMARTIN,0
02300-StMARTIN,0
02301-StMARTIN,0
02302-StMARTIN,0
02303-StMARTIN,0
02304-StMARTIN,0
02305-StMARTIN,0
02306-StMARTIN,0
02307-StMARTIN,0
02308-StMARTIN,0
02309-StMARTIN,0
02310-StMARTIN,0
02311-StMARTIN,0
02312-StMARTIN,0
02313-StMARTIN,0
02314-StMARTIN,0
02315-StMARTIN,0
02316-StMARTIN,0
02317-StMARTIN,0
02318-StMARTIN,0
02319-StMARTIN,0
02320-BON,0
02321-BON,0
02322-BON,0
02323-BON,0
02324-BON,0
02325-BON,0
02326-BON,0
02327-BON,0
02328-BON,0
02329-BON,0
02330-BON,0
02331-BON,0
02332-BON,0
02333-BON,0
02334-BON,0
02335-BON,0
02336-BON,0
02337-BON,0
02338-BON,0
02339-BON,0
02340-BON,0
02341-BON,0
02342-BON,0
02343-BON,0
02344-BON,0
02345-BON,0
02346-BON,0
02347-BON,0
02348-BON,0
02349-BON,0
02350-BON,0
02351-BON,0
02352-BON,0
02353-BON,0
02354-BON,0
02355-BON,0
02356-BON,0
02357-BON,0
02358-BON,0
02359-BON,0
02360-BON,0
02361-BON,0
02362-BON,0
02363-BON,0
02364-BON,0
02365-BON,0
02366-BON,0
02367-BON,0
02368-BON,0
02369-BON,0
02370-BON,0
02371-BON,0
02372-BON,0
02373-BON,0
02374-BON,0
02375-BON,0
02376-BON,0
02377-BON,0
02378-BON,0
02379-BON,0
02380-BON,0
02381-BON,0
02382-BON,0
02383-BAHAMAS,1
02384-BAHAMAS,1
02385-BAHAMAS,1
02386-BAHAMAS,1
02387-BAHAMAS,1
02388-BAHAMAS,1
02389-BAHAMAS,1
02390-BAHAMAS,1
02391-BAHAMAS,1
02392-BAHAMAS,1
02393-BAHAMAS,1
02394-BAHAMAS,1
02395-BAHAMAS,1
02396-BAHAMAS,1
02397-BAHAMAS,1
02398-BAHAMAS,1
02399-BAHAMAS,1
02400-BAHAMAS,1
02401-BAHAMAS,1
02402-BAHAMAS,1
02403-BAHAMAS,1
02404-BAHAMAS,1
02405-BAHAMAS,1
02406-BAHAMAS,1
02407-BAHAMAS,1
02408-BAHAMAS,1
02409-BAHAMAS,1
02410-BAHAMAS,1
02411-BAHAMAS,1
02412-BAHAMAS,1
02413-BAHAMAS,1
02414-BAHAMAS,1
02415-BAHAMAS,1
02416-BAHAMAS,1
02417-BAHAMAS,1
02418-BAHAMAS,1
02419-BAHAMAS,1
02420-BAHAMAS,1
02421-BAHAMAS,1
02422-BAHAMAS,1
02423-BAHAMAS,0
02424-BAHAMAS,0
02425-BAHAMAS,0
02426-BAHAMAS,0
02427-BAHAMAS,0
02428-BAHAMAS,0
02429-BAHAMAS,0
02430-BAHAMAS,0
02431-BAHAMAS,0
02432-BAHAMAS,0
02433-BAHAMAS,0
02434-BAHAMAS,0
02435-BAHAMAS,0
02436-BAHAMAS,0
02437-BAHAMAS,0
02438-BAHAMAS,0
02439-BAHAMAS,0
02440-BAHAMAS,0
02441-BAHAMAS,0
02442-BAHAMAS,0
02443-BAHAMAS,0
02444-BAHAMAS,0
02445-BAHAMAS,0
02446-BAHAMAS,0
02447-BAHAMAS,0
02448-BAHAMAS,0
02449-BAHAMAS,0
02450-BAHAMAS,0
02451-BAHAMAS,0
02452-BAHAMAS,0
02453-BON,0
02454-BON,0
02455-BON,0
02456-BON,0
02457-BON,0
02458-BON,0
02459-BON,0
02460-BON,0
02461-BON,0
02462-BON,0
02463-BON,0
02464-BON,0
02465-BON,0
02466-BON,0
02467-BON,0
02468-BON,0
02469-BON,0
02470-BON,0
02471-BON,0
02472-BON,0
02473-BON,0
02474-BON,0
02475-BON,0
02476-BON,0
02477-BON,0
02478-BON,0
02479-BON,0
02480-BON,0
02481-BON,0
02482-BON,0
02483-BON,0
02484-BON,0
02485-BON,0
02486-BON,0
02487-BON,0
02488-BON,0
02489-BON,0
02490-BON,0
02491-BON,0
02492-BON,0
02493-BON,0
02494-BON,0
02495-BON,0
02496-BON,0
02497-BON,0
02498-BON,0
02499-BON,0
02500-BON,0
02501-BON,0
02502-BON,0
02503-BON,0
02504-BON,0
02505-BON,0
02506-BON,0
02507-BON,0
02508-BON,0
02509-BON,0
02510-BON,0
02511-BON,0
02512-BON,0
02513-BON,0
02514-BON,0
02515-BON,0
02516-BON,0
02517-BON,0
02518-BON,0
02519-BON,0
02520-BON,0
02521-BON,0
02522-BON,0
02523-BON,0
02524-BON,0
02525-BON,0
02526-BON,0
02527-BON,0
02528-BON,0
02529-BON,0
02530-BON,0
02531-BON,0
02532-BON,0
02533-BON,0
02534-BON,0
02535-BON,0
02536-BON,0
02537-BON,0
02538-BON,0
02539-BON,0
02540-BON,0
02541-BON,0
02542-BON,0
02543-BON,0
02544-BON,0
02545-BON,0
02546-BON,0
02547-BON,0
02548-BON,0
02549-BON,0
02550-BON,0
02551-BON,0
02552-StMARTIN,1
02553-StMARTIN,1
02554-StMARTIN,1
02555-StMARTIN,1
02556-StMARTIN,1
02557-StMARTIN,1
02558-StMARTIN,1
02559-StMARTIN,1
02560-StMARTIN,1
02561-StMARTIN,1
02562-StMARTIN,1
02563-StMARTIN,1
02564-StMARTIN,1
02565-StMARTIN,1
02566-StMARTIN,1
02567-StMARTIN,1
02568-StMARTIN,1
02569-StMARTIN,1
02570-StMARTIN,1
02571-StMARTIN,1
02572-StMARTIN,1
02573-StMARTIN,1
02574-StMARTIN,1
02575-StMARTIN,1
02576-StMARTIN,1
02577-StMARTIN,1
02578-StMARTIN,1
02579-StMARTIN,1
02580-StMARTIN,1
02581-StMARTIN,1
02582-StMARTIN,1
02583-StMARTIN,1
02584-StMARTIN,1
02585-StMARTIN,1
02586-StMARTIN,1
02587-StMARTIN,1
02588-StMARTIN,1
02589-StMARTIN,1
02590-StMARTIN,1
02591-StMARTIN,1
02592-StMARTIN,1
02593-StMARTIN,1
02594-StMARTIN,1
02595-StMARTIN,1
02596-StMARTIN,1
02597-StMARTIN,1
02598-StMARTIN,1
02599-StMARTIN,1
02600-StMARTIN,1
02601-StMARTIN,1
02602-StMARTIN,1
02603-StMARTIN,1
02604-StMARTIN,0
02605-StMARTIN,0
02606-StMARTIN,0
02607-StMARTIN,0
02608-StMARTIN,0
02609-StMARTIN,0
02610-StMARTIN,0
02611-StMARTIN,0
02612-StMARTIN,0
02613-StMARTIN,0
02614-StMARTIN,0
02615-StMARTIN,0
02616-StMARTIN,0
02617-StMARTIN,0
02618-StMARTIN,0
02619-StMARTIN,0
02620-StMARTIN,0
02621-StMARTIN,0
02622-StMARTIN,0
02623-StMARTIN,0
02624-StMARTIN,0
02625-StMARTIN,0
02626-StMARTIN,0
02627-StMARTIN,0
02628-StMARTIN,0
02629-StMARTIN,0
02630-StMARTIN,0
02631-StMARTIN,0
02632-StMARTIN,0
02633-StMARTIN,0
02634-StMARTIN,0
02635-StMARTIN,0
02636-StMARTIN,0
02637-StMARTIN,0
02638-StMARTIN,0
02639-StMARTIN,0
02640-StMARTIN,0
02641-StMARTIN,0
02642-StMARTIN,0
02643-StMARTIN,0
02644-StMARTIN,0
02645-StMARTIN,0
02646-StMARTIN,0
02647-BON,0
02648-BON,0
02649-BON,0
02650-BON,0
02651-BON,0
02652-BON,0
02653-BON,0
02654-BON,0
02655-BON,0
02656-BON,0
02657-BON,0
02658-BON,0
02659-StMARTIN,0
02660-StMARTIN,0
02661-StMARTIN,0
02662-StMARTIN,0
02663-StMARTIN,0
02664-StMARTIN,0
02665-StMARTIN,0
02666-StMARTIN,0
02667-StMARTIN,0
02668-StMARTIN,0
02669-StMARTIN,0
02670-StMARTIN,0
02671-StMARTIN,0
02672-StMARTIN,0
02673-StMARTIN,0
02674-StMARTIN,0
02675-StMARTIN,0
02676-StMARTIN,0
02677-StMARTIN,0
02678-StMARTIN,0
02679-StMARTIN,0
02680-StMARTIN,0
02681-StMARTIN,0
02682-StEUS,0
02683-StEUS,0
02684-StEUS,0
02685-StEUS,0
02686-StEUS,0
02687-StEUS,0
02688-StEUS,0
02689-StEUS,0
02690-StEUS,0
02691-StEUS,0
02692-StEUS,0
02693-StEUS,0
02694-StEUS,0
02695-StEUS,0
02696-StEUS,0
02697-StEUS,0
02698-StEUS,0
02699-StEUS,0
02700-StEUS,0
02701-StEUS,0
02702-StEUS,0
02703-StEUS,0
02704-StEUS,0
02705-StEUS,0
02706-StEUS,0
02707-StEUS,0
02708-StEUS,0
02709-StEUS,0
02710-StEUS,0
02711-StEUS,0
02712-StEUS,0
02713-StEUS,0
02714-StEUS,0
02715-StEUS,0
02716-StEUS,0
02717-StEUS,0
02718-StEUS,0
02719-StEUS,0
02720-StEUS,0
02721-BON,0
02722-BON,0
02723-BON,0
02724-BON,0
02725-BON,0
02726-BON,0
02727-BON,0
02728-BON,0
02729-BON,0
02730-BON,0
02731-BON,0
02732-BON,0
02733-BON,0
02734-BON,0
02735-BON,0
02736-BON,0
02737-BON,0
02738-BON,0
02739-BON,0
02740-BON,0
02741-BON,0
02742-BON,0
02743-BON,0
02744-BON,0
02745-BON,0
02746-BON,0
02747-BON,0
02748-BON,0
02749-BON,0
02750-BON,0
02751-BON,0
02752-BON,0
02753-BON,0
02754-BON,0
02755-BON,0
02756-BON,0
02757-BON,0
02758-BON,0
02759-BON,0
02760-BON,0
02761-BON,0
02762-BON,0
02763-BON,0
02764-BON,0
02765-BON,0
02766-BON,0
02767-BON,0
02768-BON,0
02769-BON,0
02770-BON,0
02771-BON,0
02772-BON,0
02773-BON,0
02774-BON,0
02775-BON,0
02776-BON,0
02777-BON,0
02778-BON,0
02779-BON,0
02780-BON,0
02781-BON,0
02782-BON,0
02783-BON,0
02784-BON,0
02785-BON,0
02786-BON,0
02787-BON,0
02788-BON,0
02789-BON,0
02790-BON,0
02791-BON,0
02792-BON,0
02793-BON,0
02794-BON,0
02795-BON,0
02796-BON,0
02797-BON,0
02798-BON,0
02799-BON,0
02800-BON,0
02801-BON,0
02802-BON,0
02803-BON,0
02804-BON,0
02805-BON,0
02806-BON,0
02807-BON,0
02808-BON,0
02809-BON,0
02810-BON,0
02811-BON,0
02812-BON,0
02813-BON,0
02814-BON,0
02815-BON,0
02816-BON,0
02817-BON,0
02818-BON,0
02819-BON,0
02820-BON,0
02821-BON,0
02822-BON,0
02823-BON,0
02824-BON,0
02825-BON,0
02826-BON,0
02827-BON,0
02828-BON,0
02829-BON,0
02830-BON,0
02831-BON,0
02832-BON,0
02833-BON,0
02834-BON,0
02835-BON,0
02836-BON,0
02837-BON,0
02838-BON,0
02839-BON,0
02840-BON,0
02841-BON,0
02842-BON,0
02843-BON,0
02844-BON,0
02845-BON,0
02846-BON,0
02847-BON,0
02848-BON,0
02849-BON,0
02850-BON,0
02851-BON,0
02852-BON,0
02853-BON,0
02854-BON,0
02855-BON,0
02856-BON,0
02857-BON,0
02858-BON,0
02859-BON,0
02860-BON,0
02861-BON,0
02862-BON,0
02863-BON,0
02864-BON,0
02865-BON,0
02866-BON,0
02867-BON,0
02868-BON,0
02869-BON,0
02870-BON,0
02871-BON,0
02872-BON,0
02873-BON,0
02874-BON,0
02875-BON,0
02876-BON,0
02877-BON,0
02878-BON,0
02879-BON,0
02880-BON,0
02881-BON,0
02882-BON,0
02883-BON,0
02884-BON,0
02885-BON,0
02886-BON,0
02887-BON,0
02888-BON,0
02889-BON,0
02890-BON,0
02891-BON,0
02892-BON,0
02893-BON,0
02894-BON,0
02895-BON,0
02896-BON,0
02897-BON,0
02898-BON,0
02899-BON,0
02900-BON,0
02901-BON,0
02902-BON,0
02903-BON,0
02904-BON,0
02905-BON,0
02906-BON,0
02907-BON,0
02908-BON,0
02909-BON,0
02910-BON,0
02911-BON,0
02912-BON,0
02913-BON,0
02914-BON,0
02915-BON,0
02916-BON,0
02917-BON,0
02918-BON,0
02919-BON,0
02920-BON,0
02921-BON,0
02922-BON,0
02923-BON,0
02924-BON,0
02925-BON,0
02926-BON,0
02927-BON,0
02928-BON,0
02929-BON,0
02930-BON,0
02931-BON,0
02932-BON,0
02933-BON,0
02934-BON,0
02935-BON,0
02936-BON,0
02937-BON,0
02938-StMARTIN,0
02939-StMARTIN,0
02940-StMARTIN,0
02941-StMARTIN,0
02942-StMARTIN,0
02943-StMARTIN,0
02944-StMARTIN,0
02945-StMARTIN,0
02946-StMARTIN,0
02947-StMARTIN,0
02948-StMARTIN,0
02949-StMARTIN,0
02950-StMARTIN,0
02951-StMARTIN,0
02952-StMARTIN,0
02953-StMARTIN,0
02954-StMARTIN,0
02955-StMARTIN,0
02956-StMARTIN,0
02957-StMARTIN,0
02958-StMARTIN,0
02959-StMARTIN,0
02960-StMARTIN,0
02961-StMARTIN,0
02962-StMARTIN,0
02963-StMARTIN,0
02964-StMARTIN,0
02965-StMARTIN,0
02966-StMARTIN,0
02967-StMARTIN,0
02968-StMARTIN,0
02969-StMARTIN,0
02970-StMARTIN,0
02971-StMARTIN,0
02972-StMARTIN,0
02973-StMARTIN,0
02974-StMARTIN,0
02975-StMARTIN,0
02976-StMARTIN,0
02977-StMARTIN,0
02978-StMARTIN,0
02979-StMARTIN,0
02980-StMARTIN,0
02981-StMARTIN,0
02982-StMARTIN,0
02983-StMARTIN,0
02984-StMARTIN,0
02985-StMARTIN,0
02986-StMARTIN,0
02987-StMARTIN,0
02988-StMARTIN,0
02989-StMARTIN,0
02990-StMARTIN,0
02991-StMARTIN,0
02992-StMARTIN,0
02993-StMARTIN,0
02994-StMARTIN,0
02995-StMARTIN,0
02996-StMARTIN,0
02997-StMARTIN,0
02998-StMARTIN,0
02999-StMARTIN,0
03000-StMARTIN,0
03001-StMARTIN,0
03002-StMARTIN,0
03003-StMARTIN,0
03004-StMARTIN,0
03005-StMARTIN,0
03006-StMARTIN,0
03007-StMARTIN,0
03008-StMARTIN,0
03009-StMARTIN,0
03010-StMARTIN,0
03011-StMARTIN,0
03012-StMARTIN,0
03013-StMARTIN,0
03014-StMARTIN,0
03015-StMARTIN,0
03016-StMARTIN,0
03017-StMARTIN,0
03018-StMARTIN,0
03019-StMARTIN,0
03020-StMARTIN,0
03021-StMARTIN,0
03022-StMARTIN,0
03023-StMARTIN,0
03024-StMARTIN,0
03025-StMARTIN,0
03026-StMARTIN,0
03027-StMARTIN,0
03028-StMARTIN,0
03029-StMARTIN,0
03030-StMARTIN,0
03031-StMARTIN,0
03032-StMARTIN,0
03033-StMARTIN,0
03034-StMARTIN,0
03035-StMARTIN,0
03036-StMARTIN,0
03037-StMARTIN,0
03038-StMARTIN,0
03039-StMARTIN,0
03040-StMARTIN,0
03041-StMARTIN,0
03042-StMARTIN,0
03043-StMARTIN,0
03044-StMARTIN,0
03045-StMARTIN,0
03046-StMARTIN,0
03047-StMARTIN,0
03048-StMARTIN,0
03049-StMARTIN,0
03050-StMARTIN,0
03051-StMARTIN,0
03052-StMARTIN,0
03053-StMARTIN,0
03054-StMARTIN,0
03055-StMARTIN,0
03056-StMARTIN,0
03057-StMARTIN,0
03058-StMARTIN,0
03059-StMARTIN,0
03060-StMARTIN,0
03061-StMARTIN,0
03062-StMARTIN,0
03063-StMARTIN,0
03064-StMARTIN,0
03065-StMARTIN,0
03066-StMARTIN,0
03067-StMARTIN,0
03068-StMARTIN,0
03069-StMARTIN,0
03070-StMARTIN,0
03071-StMARTIN,0
03072-StMARTIN,0
03073-StMARTIN,0
03074-StMARTIN,0
03075-StMARTIN,0
03076-StMARTIN,0
03077-StMARTIN,0
03078-StMARTIN,0
03079-StMARTIN,0
03080-StMARTIN,0
03081-StMARTIN,0
03082-StMARTIN,0
03083-StMARTIN,0
03084-StMARTIN,0
03085-StMARTIN,0
03086-StMARTIN,0
03087-StMARTIN,0
03088-StMARTIN,0
03089-StMARTIN,0
03090-StMARTIN,0
03091-StMARTIN,0
03092-StMARTIN,0
03093-StMARTIN,0
03094-StMARTIN,0
03095-StMARTIN,0
03096-StMARTIN,0
03097-StMARTIN,0
03098-StMARTIN,0
03099-StMARTIN,0
03100-StMARTIN,0
03101-StMARTIN,0
03102-StMARTIN,0
03103-StMARTIN,0
03104-StMARTIN,0
03105-StMARTIN,0
03106-StMARTIN,0
03107-StMARTIN,0
03108-StMARTIN,0
03109-StMARTIN,0
03110-StMARTIN,0
03111-StMARTIN,0
03112-StMARTIN,0
03113-StMARTIN,0
03114-StMARTIN,0
03115-StMARTIN,0
03116-StMARTIN,0
03117-StMARTIN,0
03118-StMARTIN,0
03119-StMARTIN,0
03120-StMARTIN,0
03121-StMARTIN,0
03122-StMARTIN,0
03123-StMARTIN,0
03124-StMARTIN,0
03125-StMARTIN,0
03126-StMARTIN,0
03127-StMARTIN,0
03128-StMARTIN,0
03129-StMARTIN,0
03130-StMARTIN,0
03131-StMARTIN,0
03132-StMARTIN,0
03133-StMARTIN,0
03134-StMARTIN,0
03135-StMARTIN,0
03136-StMARTIN,0
03137-StMARTIN,0
03138-StMARTIN,0
03139-StMARTIN,0
03140-StMARTIN,0
03141-StMARTIN,0
03142-StMARTIN,0
03143-StMARTIN,0
03144-StMARTIN,0
03145-StMARTIN,0
03146-StMARTIN,0
03147-StMARTIN,0
03148-StMARTIN,0
03149-StMARTIN,0
03150-StMARTIN,0
03151-StMARTIN,0
03152-StMARTIN,0
03153-StMARTIN,0
03154-StMARTIN,0
03155-StMARTIN,0
03156-StMARTIN,0
03157-StMARTIN,0
03158-StMARTIN,0
03159-StMARTIN,0
03160-StMARTIN,0
03161-StMARTIN,0
03162-StMARTIN,0
03163-StMARTIN,0
03164-StMARTIN,0
03165-StMARTIN,0
03166-StMARTIN,0
03167-StMARTIN,0
03168-StMARTIN,0
03169-StMARTIN,0
03170-StMARTIN,0
03171-StMARTIN,0
03172-StMARTIN,0
03173-StMARTIN,0
03174-StMARTIN,0
03175-StMARTIN,0
03176-StMARTIN,0
03177-StMARTIN,0
03178-StMARTIN,0
03179-StMARTIN,0
03180-StMARTIN,0
03181-StMARTIN,0
03182-StMARTIN,0
03183-StMARTIN,0
03184-StMARTIN,0
03185-StMARTIN,0
03186-StMARTIN,0
03187-StMARTIN,0
03188-StMARTIN,0
03189-StMARTIN,0
03190-StMARTIN,0
03191-StMARTIN,0
03192-StMARTIN,0
03193-StMARTIN,0
03194-StMARTIN,0
03195-StMARTIN,0
03196-StMARTIN,0
03197-StMARTIN,0
03198-StMARTIN,0
03199-StMARTIN,0
03200-StMARTIN,0
03201-StMARTIN,0
03202-StMARTIN,0
03203-StMARTIN,0
03204-StMARTIN,0
03205-StMARTIN,0
03206-StMARTIN,0
03207-StMARTIN,0
03208-StMARTIN,0
03209-StMARTIN,0
03210-StMARTIN,0
03211-StMARTIN,0
03212-StMARTIN,0
03213-StMARTIN,0
03214-StMARTIN,0
03215-StMARTIN,0
03216-StMARTIN,0
03217-StMARTIN,0
03218-StMARTIN,0
03219-StMARTIN,0
03220-StMARTIN,0
03221-StMARTIN,0
03222-StMARTIN,0
03223-StMARTIN,0
03224-StMARTIN,0
03225-StMARTIN,0
03226-StMARTIN,0
03227-StMARTIN,0
03228-StMARTIN,0
03229-StMARTIN,0
03230-StMARTIN,0
03231-StMARTIN,0
03232-StMARTIN,0
03233-StMARTIN,0
03234-StMARTIN,0
03235-StMARTIN,0
03236-StMARTIN,0
03237-StMARTIN,0
03238-StMARTIN,0
03239-StMARTIN,0
03240-StMARTIN,0
03241-StMARTIN,0
03242-StMARTIN,0
03243-StMARTIN,0
03244-StMARTIN,0
03245-StMARTIN,0
03246-StMARTIN,0
03247-StMARTIN,0
03248-StMARTIN,0
03249-StMARTIN,0
03250-StMARTIN,0
03251-StMARTIN,0
03252-StMARTIN,0
03253-StMARTIN,0
03254-StMARTIN,0
03255-StMARTIN,0
03256-StMARTIN,0
03257-StMARTIN,0
03258-StMARTIN,0
03259-StMARTIN,0
03260-StMARTIN,0
03261-StMARTIN,0
03262-StMARTIN,0
03263-StMARTIN,0
03264-StMARTIN,0
03265-StMARTIN,0
03266-StMARTIN,0
03267-StMARTIN,0
03268-StMARTIN,0
03269-StMARTIN,0
03270-StMARTIN,0
03271-StMARTIN,0
03272-StMARTIN,0
03273-StMARTIN,0
03274-StMARTIN,0
03275-StMARTIN,0
03276-StMARTIN,0
03277-StMARTIN,0
03278-StMARTIN,0
03279-StMARTIN,0
03280-StMARTIN,0
03281-StMARTIN,0
03282-StMARTIN,0
03283-StMARTIN,0
03284-StMARTIN,0
03285-StMARTIN,0
03286-StMARTIN,0
03287-StMARTIN,0
03288-StMARTIN,0
03289-StMARTIN,0
03290-StMARTIN,0
03291-StMARTIN,0
03292-StMARTIN,0
03293-StMARTIN,0
03294-StMARTIN,0
03295-StMARTIN,0
03296-StMARTIN,0
03297-StMARTIN,0
03298-StMARTIN,0
03299-StMARTIN,0
03300-StMARTIN,0
03301-StMARTIN,0
03302-StMARTIN,0
03303-StMARTIN,0
03304-StMARTIN,0
03305-StMARTIN,0
03306-StMARTIN,0
03307-StMARTIN,0
03308-StMARTIN,0
03309-StMARTIN,0
03310-StMARTIN,0
03311-StMARTIN,0
03312-StMARTIN,0
03313-StMARTIN,0
03314-StMARTIN,0
03315-StMARTIN,0
03316-StMARTIN,0
03317-StMARTIN,0
03318-StMARTIN,0
03319-StMARTIN,0
03320-StMARTIN,0
03321-StMARTIN,0
03322-StMARTIN,0
03323-StMARTIN,0
03324-StMARTIN,0
03325-StMARTIN,0
03326-StMARTIN,0
03327-StMARTIN,0
03328-StMARTIN,0
03329-StMARTIN,0
03330-StMARTIN,0
03331-StMARTIN,0
03332-StMARTIN,0
03333-StMARTIN,0
03334-StMARTIN,0
03335-StMARTIN,0
03336-StMARTIN,0
03337-StMARTIN,0
03338-StMARTIN,0
03339-StMARTIN,0
03340-StMARTIN,0
03341-StMARTIN,0
03342-StMARTIN,0
03343-StMARTIN,0
03344-StMARTIN,0
03345-StMARTIN,0
03346-StMARTIN,0
03347-StMARTIN,0
03348-StMARTIN,0
03349-StMARTIN,0
03350-StMARTIN,0
03351-StMARTIN,0
03352-StMARTIN,0
03353-StMARTIN,0
03354-StMARTIN,0
03355-StMARTIN,0
03356-StMARTIN,0
03357-StMARTIN,0
03358-StMARTIN,0
03359-StMARTIN,0
03360-StMARTIN,0
03361-StMARTIN,0
03362-StMARTIN,0
03363-StMARTIN,0
03364-StMARTIN,0
03365-StMARTIN,0
03366-StMARTIN,0
03367-StMARTIN,0
03368-StMARTIN,0
03369-StMARTIN,0
03370-StMARTIN,0
03371-StMARTIN,0
03372-StMARTIN,0
03373-StMARTIN,0
03374-StMARTIN,0
03375-StMARTIN,0
03376-StMARTIN,0
03377-StMARTIN,0
03378-StMARTIN,0
03379-StMARTIN,0
03380-StMARTIN,0
03381-StMARTIN,0
03382-StMARTIN,0
03383-StMARTIN,0
03384-StMARTIN,0
03385-StMARTIN,0
03386-StMARTIN,0
03387-StMARTIN,0
03388-StMARTIN,0
03389-StMARTIN,0
03390-StMARTIN,0
03391-StMARTIN,0
03392-StMARTIN,0
03393-StMARTIN,0
03394-StMARTIN,0
03395-StMARTIN,0
03396-StMARTIN,0
03397-StMARTIN,0
03398-StMARTIN,0
03399-StMARTIN,0
03400-StMARTIN,0
03401-StMARTIN,0
03402-StMARTIN,0
03403-StMARTIN,0
03404-StMARTIN,0
03405-StMARTIN,0
03406-StMARTIN,0
03407-StMARTIN,0
03408-StMARTIN,0
03409-StMARTIN,0
03410-StMARTIN,0
03411-StMARTIN,0
03412-StMARTIN,0
03413-StMARTIN,0
03414-StMARTIN,0
03415-StMARTIN,0
03416-StMARTIN,0
03417-StMARTIN,0
03418-StMARTIN,0
03419-StMARTIN,0
03420-StMARTIN,0
03421-StMARTIN,0
03422-StMARTIN,0
03423-StMARTIN,0
03424-StMARTIN,0
03425-StMARTIN,0
03426-StMARTIN,0
03427-StMARTIN,0
03428-StMARTIN,0
03429-StMARTIN,0
03430-StMARTIN,0
03431-StMARTIN,0
03432-StMARTIN,0
03433-StMARTIN,0
03434-StMARTIN,0
03435-StMARTIN,0
03436-StMARTIN,0
03437-StMARTIN,0
03438-StMARTIN,0
03439-StMARTIN,0
03440-StMARTIN,0
03441-StMARTIN,0
03442-StMARTIN,0
03443-StMARTIN,0
03444-StMARTIN,0
03445-StMARTIN,0
03446-StMARTIN,0
03447-StMARTIN,0
03448-StMARTIN,0
03449-StMARTIN,0
03450-StMARTIN,0
03451-StMARTIN,0
03452-StMARTIN,0
03453-StMARTIN,0
03454-StMARTIN,0
03455-StMARTIN,0
03456-StMARTIN,0
03457-StMARTIN,0
03458-StMARTIN,0
03459-StMARTIN,0
03460-StMARTIN,0
03461-StMARTIN,0
03462-StMARTIN,0
03463-StMARTIN,0
03464-StMARTIN,0
03465-StMARTIN,0
03466-StMARTIN,0
03467-StMARTIN,0
03468-StMARTIN,0
03469-StMARTIN,0
03470-StMARTIN,0
03471-StMARTIN,0
03472-StMARTIN,0
03473-StMARTIN,0
03474-StMARTIN,0
03475-StMARTIN,0
03476-StMARTIN,0
03477-StMARTIN,0
03478-StMARTIN,0
03479-StMARTIN,0
03480-StMARTIN,0
03481-StMARTIN,0
03482-StMARTIN,0
03483-StMARTIN,0
03484-StMARTIN,0
03485-StMARTIN,0
03486-StMARTIN,0
03487-StMARTIN,0
03488-StMARTIN,0
03489-StMARTIN,0
03490-StMARTIN,0
03491-StMARTIN,0
03492-StMARTIN,0
03493-StMARTIN,0
03494-StMARTIN,0
03495-StMARTIN,0
03496-StMARTIN,0
03497-StMARTIN,0
03498-StMARTIN,0
03499-StMARTIN,0
03500-StMARTIN,0
03501-StMARTIN,0
03502-StMARTIN,0
03503-StMARTIN,0
03504-StMARTIN,0
03505-StMARTIN,0
03506-StMARTIN,0
03507-StMARTIN,0
03508-StMARTIN,0
03509-StMARTIN,0
03510-StMARTIN,0
03511-StMARTIN,0
03512-StMARTIN,0
03513-StMARTIN,0
03514-StMARTIN,0
03515-StMARTIN,0
03516-StMARTIN,0
03517-StMARTIN,0
03518-StMARTIN,0
03519-StMARTIN,0
03520-StMARTIN,0
03521-StMARTIN,0
03522-StMARTIN,0
03523-StMARTIN,0
03524-StMARTIN,0
03525-StMARTIN,0
03526-StMARTIN,0
03527-StMARTIN,0
03528-StMARTIN,0
03529-StMARTIN,0
03530-StMARTIN,0
03531-StMARTIN,0
03532-StMARTIN,0
03533-StMARTIN,0
03534-StMARTIN,0
03535-StMARTIN,0
03536-StMARTIN,0
03537-StMARTIN,0
03538-StMARTIN,0
03539-StMARTIN,0
03540-StMARTIN,0
03541-StMARTIN,0
03542-StMARTIN,0
03543-StMARTIN,0
03544-StMARTIN,0
03545-StMARTIN,0
03546-StMARTIN,0
03547-StMARTIN,0
03548-StMARTIN,0
03549-StMARTIN,0
03550-StMARTIN,0
03551-StMARTIN,0
03552-StMARTIN,0
03553-StMARTIN,0
03554-StMARTIN,0
03555-StMARTIN,0
03556-StMARTIN,0
03557-StMARTIN,0
03558-StMARTIN,0
03559-StMARTIN,0
03560-StMARTIN,0
03561-StMARTIN,0
03562-StMARTIN,0
03563-StMARTIN,0
03564-StMARTIN,0
03565-StMARTIN,0
03566-StMARTIN,0
03567-StMARTIN,0
03568-StMARTIN,0
03569-StMARTIN,0
03570-StMARTIN,0
03571-StMARTIN,0
03572-StMARTIN,0
03573-StMARTIN,0
03574-StMARTIN,0
03575-StMARTIN,0
03576-StMARTIN,0
03577-StMARTIN,0
03578-StMARTIN,0
03579-StMARTIN,0
03580-StMARTIN,0
03581-StMARTIN,0
03582-StMARTIN,0
03583-StMARTIN,0
03584-StMARTIN,0
03585-StMARTIN,0
03586-StMARTIN,0
03587-StMARTIN,0
03588-StMARTIN,0
03589-StMARTIN,0
03590-StMARTIN,0
03591-StMARTIN,0
03592-StMARTIN,0
03593-StMARTIN,0
03594-StMARTIN,0
03595-StMARTIN,0
03596-StMARTIN,0
03597-StMARTIN,0
03598-StMARTIN,0
03599-StMARTIN,0
03600-StMARTIN,0
03601-StMARTIN,0
03602-StMARTIN,0
03603-StMARTIN,0
03604-StMARTIN,0
03605-StMARTIN,0
03606-StMARTIN,0
03607-StMARTIN,0
03608-StMARTIN,0
03609-StMARTIN,0
03610-StMARTIN,0
03611-StMARTIN,0
03612-StMARTIN,0
03613-StMARTIN,0
03614-StMARTIN,0
03615-StMARTIN,0
03616-StMARTIN,0
03617-StMARTIN,0
03618-StMARTIN,0
03619-StMARTIN,0
03620-StMARTIN,0
03621-StMARTIN,0
03622-StMARTIN,0
03623-StMARTIN,0
03624-StMARTIN,0
03625-StMARTIN,0
03626-StMARTIN,0
03627-StMARTIN,0
03628-StMARTIN,0
03629-StMARTIN,0
03630-StMARTIN,0
03631-StMARTIN,0
03632-StMARTIN,0
03633-StMARTIN,0
03634-StMARTIN,0
03635-StMARTIN,0
03636-StMARTIN,0
03637-StMARTIN,0
03638-StMARTIN,0
03639-StMARTIN,0
03640-StMARTIN,0
03641-StMARTIN,0
03642-StMARTIN,0
03643-StMARTIN,0
03644-StMARTIN,0
03645-StMARTIN,0
03646-StMARTIN,0
03647-StMARTIN,0
03648-StMARTIN,0
03649-StMARTIN,0
03650-StMARTIN,0
03651-StMARTIN,0
03652-StMARTIN,0
03653-StMARTIN,0
03654-StMARTIN,0
03655-StMARTIN,0
03656-StMARTIN,0
03657-StMARTIN,0
03658-StMARTIN,0
03659-StMARTIN,0
03660-StMARTIN,0
03661-StMARTIN,0
03662-StMARTIN,0
03663-StMARTIN,0
03664-StMARTIN,0
03665-StMARTIN,0
03666-StMARTIN,0
03667-StMARTIN,0
03668-StMARTIN,0
03669-StMARTIN,0
03670-StMARTIN,0
03671-StMARTIN,0
03672-StMARTIN,0
03673-StMARTIN,0
03674-StMARTIN,0
03675-StMARTIN,0
03676-StMARTIN,0
03677-StMARTIN,0
03678-StMARTIN,0
03679-StMARTIN,0
03680-StMARTIN,0
03681-StMARTIN,0
03682-StMARTIN,0
03683-StMARTIN,0
03684-StMARTIN,0
03685-StMARTIN,0
03686-StMARTIN,0
03687-StMARTIN,0
03688-StMARTIN,0
03689-StMARTIN,0
03690-StMARTIN,0
03691-StMARTIN,0
03692-StMARTIN,0
03693-StMARTIN,0
03694-StMARTIN,0
03695-StMARTIN,0
03696-StMARTIN,0
03697-StMARTIN,0
03698-StMARTIN,0
03699-StMARTIN,0
03700-StMARTIN,0
03701-StMARTIN,0
03702-StMARTIN,0
03703-StMARTIN,0
03704-StMARTIN,0
03705-StMARTIN,0
03706-StMARTIN,0
03707-StMARTIN,0
03708-StMARTIN,0
03709-StMARTIN,0
03710-StMARTIN,0
03711-StMARTIN,0
03712-StMARTIN,0
03713-StMARTIN,0
03714-StMARTIN,0
03715-StMARTIN,0
03716-StMARTIN,0
03717-StMARTIN,0
03718-StMARTIN,0
03719-StMARTIN,0
03720-StMARTIN,0
03721-StMARTIN,0
03722-StMARTIN,0
03723-StMARTIN,0
03724-StMARTIN,0
03725-StMARTIN,0
03726-StMARTIN,0
03727-StMARTIN,0
03728-StMARTIN,0
03729-StMARTIN,0
03730-StMARTIN,0
03731-StMARTIN,0
03732-StMARTIN,0
03733-StMARTIN,0
03734-StMARTIN,0
03735-StMARTIN,0
03736-StMARTIN,0
03737-StMARTIN,0
03738-StMARTIN,0
03739-StMARTIN,0
03740-StMARTIN,0
03741-StMARTIN,0
03742-StMARTIN,0
03743-StMARTIN,0
03744-StMARTIN,0
03745-StMARTIN,0
03746-StMARTIN,0
03747-StMARTIN,0
03748-StMARTIN,0
03749-StMARTIN,0
03750-StMARTIN,0
03751-StMARTIN,0
03752-StMARTIN,0
03753-StMARTIN,0
03754-StMARTIN,0
03755-StMARTIN,0
03756-StMARTIN,0
03757-StMARTIN,0
03758-StMARTIN,0
03759-StMARTIN,0
03760-StMARTIN,0
03761-StMARTIN,0
03762-StMARTIN,0
03763-StMARTIN,0
03764-StMARTIN,0
03765-StMARTIN,0
03766-StMARTIN,0
03767-StMARTIN,0
03768-StMARTIN,0
03769-StMARTIN,0
03770-StMARTIN,0
03771-StMARTIN,0
03772-StMARTIN,0
03773-StMARTIN,0
03774-StMARTIN,0
03775-StMARTIN,0
03776-StMARTIN,0
03777-StMARTIN,0
03778-StMARTIN,0
03779-StMARTIN,0
03780-StMARTIN,0
03781-StMARTIN,0
03782-StMARTIN,0
03783-StMARTIN,0
03784-StMARTIN,0
03785-StMARTIN,0
03786-StMARTIN,0
03787-StMARTIN,0
03788-StMARTIN,0
03789-StMARTIN,0
03790-StMARTIN,0
03791-StMARTIN,0
03792-StMARTIN,0
03793-StMARTIN,0
03794-StMARTIN,0
03795-StMARTIN,0
03796-StMARTIN,0
03797-StMARTIN,0
03798-StMARTIN,0
03799-StMARTIN,0
03800-StMARTIN,0
03801-StMARTIN,0
03802-StMARTIN,0
03803-StMARTIN,0
03804-StMARTIN,0
03805-StMARTIN,0
03806-StMARTIN,0
03807-StMARTIN,0
03808-StMARTIN,0
03809-StMARTIN,0
03810-StMARTIN,0
03811-StMARTIN,0
03812-StMARTIN,0
03813-StMARTIN,0
03814-StMARTIN,0
03815-StMARTIN,0
03816-StMARTIN,0
03817-StMARTIN,0
03818-StMARTIN,0
03819-StMARTIN,0
03820-StMARTIN,0
03821-StMARTIN,0
03822-StMARTIN,0
03823-StMARTIN,0
03824-StMARTIN,0
03825-StMARTIN,0
03826-StMARTIN,0
03827-StMARTIN,0
03828-StMARTIN,0
03829-StMARTIN,0
03830-StMARTIN,0
03831-StMARTIN,0
03832-StMARTIN,0
03833-StMARTIN,0
03834-StMARTIN,0
03835-StMARTIN,0
03836-StMARTIN,0
03837-StMARTIN,0
03838-StMARTIN,0
03839-StMARTIN,0
03840-StMARTIN,0
03841-StMARTIN,0
03842-StMARTIN,0
03843-StMARTIN,0
03844-StMARTIN,0
03845-StMARTIN,0
03846-StMARTIN,0
03847-StMARTIN,0
03848-StMARTIN,0
03849-StMARTIN,0
03850-StMARTIN,0
03851-StMARTIN,0
03852-StMARTIN,0
03853-StMARTIN,0
03854-StMARTIN,0
03855-StMARTIN,0
03856-StMARTIN,0
03857-StMARTIN,0
03858-StMARTIN,0
03859-StMARTIN,0
03860-StMARTIN,0
03861-StMARTIN,0
03862-StMARTIN,0
03863-StMARTIN,0
03864-StMARTIN,0
03865-StMARTIN,0
03866-StMARTIN,0
03867-StMARTIN,0
03868-StMARTIN,0
03869-StMARTIN,0
03870-StMARTIN,0
03871-StMARTIN,0
03872-StMARTIN,0
03873-StMARTIN,0
03874-StMARTIN,0
03875-StMARTIN,0
03876-StMARTIN,0
03877-StMARTIN,0
03878-StMARTIN,0
03879-StMARTIN,0
03880-StMARTIN,0
03881-StMARTIN,0
03882-StMARTIN,0
03883-StMARTIN,0
03884-StMARTIN,0
03885-StMARTIN,0
03886-StMARTIN,0
03887-StMARTIN,0
03888-StMARTIN,0
03889-StMARTIN,0
03890-StMARTIN,0
03891-StMARTIN,0
03892-StMARTIN,0
03893-StMARTIN,0
03894-StMARTIN,0
03895-StMARTIN,0
03896-StMARTIN,0
03897-StMARTIN,0
03898-StMARTIN,0
03899-StMARTIN,0
03900-StMARTIN,0
03901-StMARTIN,0
03902-StMARTIN,0
03903-StMARTIN,0
03904-StMARTIN,0
03905-StMARTIN,0
03906-StMARTIN,0
03907-StMARTIN,0
03908-StMARTIN,0
03909-StMARTIN,0
03910-StMARTIN,0
03911-StMARTIN,0
03912-StMARTIN,0
03913-StMARTIN,0
03914-StMARTIN,0
03915-StMARTIN,0
03916-StMARTIN,0
03917-StMARTIN,0
03918-StMARTIN,0
03919-StMARTIN,0
03920-StMARTIN,0
03921-StMARTIN,0
03922-StMARTIN,0
03923-StMARTIN,0
03924-StMARTIN,0
03925-StMARTIN,0
03926-StMARTIN,0
03927-StMARTIN,0
03928-StMARTIN,0
03929-StMARTIN,0
03930-StMARTIN,0
03931-StMARTIN,0
03932-StMARTIN,0
03933-StMARTIN,0
03934-StMARTIN,0
03935-StMARTIN,0
03936-StMARTIN,0
03937-StMARTIN,0
03938-StMARTIN,0
03939-StMARTIN,0
03940-StMARTIN,0
03941-StMARTIN,0
03942-StMARTIN,0
03943-StMARTIN,0
03944-StMARTIN,0
03945-StMARTIN,0
03946-StMARTIN,0
03947-StMARTIN,0
03948-StMARTIN,0
03949-StMARTIN,0
03950-StMARTIN,0
03951-StMARTIN,0
03952-StMARTIN,0
03953-StMARTIN,0
03954-StMARTIN,0
03955-StMARTIN,0
03956-StMARTIN,0
03957-StMARTIN,0
03958-StMARTIN,0
03959-StMARTIN,0
03960-StMARTIN,0
03961-StMARTIN,0
03962-StMARTIN,0
03963-StMARTIN,0
03964-StMARTIN,0
03965-StMARTIN,0
03966-StMARTIN,0
03967-StMARTIN,0
03968-StMARTIN,0
03969-StMARTIN,0
03970-StMARTIN,0
03971-StMARTIN,0
03972-StMARTIN,0
03973-StMARTIN,0
03974-StMARTIN,0
03975-StMARTIN,0
03976-StMARTIN,0
03977-StMARTIN,0
03978-StMARTIN,0
03979-StMARTIN,0
03980-StMARTIN,0
03981-StMARTIN,0
03982-StMARTIN,0
03983-StMARTIN,0
03984-StMARTIN,0
03985-StMARTIN,0
03986-StMARTIN,0
03987-StMARTIN,0
03988-StMARTIN,0
03989-StMARTIN,0
03990-StMARTIN,0
03991-StMARTIN,0
03992-StMARTIN,0
03993-StMARTIN,0
03994-StMARTIN,0
03995-StMARTIN,0
03996-StMARTIN,0
03997-StMARTIN,0
03998-StMARTIN,0
03999-StMARTIN,0
04000-StMARTIN,0
04001-StMARTIN,0
04002-StMARTIN,0
04003-StMARTIN,0
04004-StMARTIN,0
04005-StMARTIN,0
04006-StMARTIN,0
04007-StMARTIN,0
04008-StMARTIN,0
04009-StMARTIN,0
04010-StMARTIN,0
04011-StMARTIN,0
04012-StMARTIN,0
04013-StMARTIN,0
04014-StMARTIN,0
04015-StMARTIN,0
04016-StMARTIN,0
04017-StMARTIN,0
04018-StMARTIN,0
04019-StMARTIN,0
04020-StMARTIN,0
04021-StMARTIN,0
04022-StMARTIN,0
04023-StMARTIN,0
04024-StMARTIN,0
04025-StMARTIN,0
04026-StMARTIN,0
04027-StMARTIN,0
04028-StMARTIN,0
04029-StMARTIN,0
04030-StMARTIN,0
04031-StMARTIN,0
04032-StMARTIN,0
04033-StMARTIN,0
04034-StMARTIN,0
04035-StMARTIN,0
04036-StMARTIN,0
04037-StMARTIN,0
04038-StMARTIN,0
04039-StMARTIN,0
04040-StMARTIN,0
04041-StMARTIN,0
04042-StMARTIN,0
04043-StMARTIN,0
04044-StMARTIN,0
04045-StMARTIN,0
04046-StMARTIN,0
04047-StMARTIN,0
04048-StMARTIN,0
04049-StMARTIN,0
04050-StMARTIN,0
04051-StMARTIN,0
04052-StMARTIN,0
04053-StMARTIN,0
04054-StMARTIN,0
04055-StMARTIN,0
04056-StMARTIN,0
04057-StMARTIN,0
04058-StMARTIN,0
04059-StMARTIN,0
04060-StMARTIN,0
04061-StMARTIN,0
04062-StMARTIN,0
04063-StMARTIN,0
04064-StMARTIN,0
04065-StMARTIN,0
04066-StMARTIN,0
04067-StMARTIN,0
04068-StMARTIN,0
04069-StMARTIN,0
04070-StMARTIN,0
04071-StMARTIN,0
04072-StMARTIN,0
04073-StMARTIN,0
04074-StMARTIN,0
04075-StMARTIN,0
04076-StMARTIN,0
04077-StMARTIN,0
04078-StMARTIN,0
04079-StMARTIN,0
04080-StMARTIN,0
04081-StMARTIN,0
04082-StMARTIN,0
04083-StMARTIN,0
04084-StMARTIN,0
04085-StMARTIN,0
04086-StMARTIN,0
04087-StMARTIN,0
04088-StMARTIN,0
04089-StMARTIN,0
04090-StMARTIN,0
04091-StMARTIN,0
04092-StMARTIN,0
04093-StMARTIN,0
04094-StMARTIN,0
04095-StMARTIN,0
04096-StMARTIN,0
04097-StMARTIN,0
04098-StMARTIN,0
04099-StMARTIN,0
04100-StMARTIN,0
04101-StMARTIN,0
04102-StMARTIN,0
04103-StMARTIN,0
04104-StMARTIN,0
04105-StMARTIN,0
04106-StMARTIN,0
04107-StMARTIN,0
04108-StMARTIN,0
04109-StMARTIN,0
04110-StMARTIN,0
04111-StMARTIN,0
04112-StMARTIN,0
04113-StMARTIN,0
04114-StMARTIN,0
04115-StMARTIN,0
04116-StMARTIN,0
04117-StMARTIN,0
04118-StMARTIN,0
04119-StMARTIN,0
04120-StMARTIN,0
04121-StMARTIN,0
04122-StMARTIN,0
04123-StMARTIN,0
04124-StMARTIN,0
04125-StMARTIN,0
04126-StMARTIN,0
04127-StMARTIN,0
04128-StMARTIN,0
04129-GUA,0
04130-GUA,0
04131-GUA,0
04132-GUA,0
04133-GUA,0
04134-GUA,0
04135-GUA,0
04136-GUA,0
04137-GUA,0
04138-GUA,0
04139-GUA,0
04140-GUA,0
04141-GUA,0
04142-GUA,0
04143-GUA,0
04144-GUA,0
04145-GUA,0
04146-GUA,0
04147-GUA,0
04148-GUA,0
04149-GUA,0
04150-GUA,0
04151-GUA,0
04152-GUA,0
04153-GUA,0
04154-GUA,0
04155-GUA,0
04156-GUA,0
04157-GUA,0
04158-GUA,0
04159-GUA,0
04160-GUA,0
04161-GUA,0
04162-GUA,0
04163-GUA,0
04164-GUA,0
04165-GUA,0
04166-GUA,0
04167-GUA,0
04168-GUA,0
04169-GUA,0
04170-GUA,0
04171-GUA,0
04172-GUA,0
04173-GUA,0
04174-GUA,0
04175-GUA,0
04176-GUA,0
04177-GUA,0
04178-GUA,0
04179-GUA,0
04180-GUA,0
04181-GUA,0
04182-GUA,0
04183-GUA,0
04184-GUA,0
04185-GUA,0
04186-GUA,0
04187-GUA,0
04188-GUA,0
04189-GUA,0
04190-GUA,0
04191-GUA,0
04192-GUA,0
04193-GUA,0
04194-GUA,0
04195-GUA,0
04196-GUA,0
04197-GUA,0
04198-GUA,0
04199-GUA,0
04200-GUA,0
04201-GUA,0
04202-GUA,0
04203-GUA,0
04204-GUA,0
04205-GUA,0
04206-GUA,0
04207-GUA,0
04208-GUA,0
04209-GUA,0
04210-GUA,0
04211-GUA,0
04212-GUA,0
04213-GUA,0
04214-GUA,0
04215-GUA,0
04216-GUA,0
04217-GUA,0
04218-GUA,0
04219-GUA,0
04220-GUA,0
04221-GUA,0
04222-GUA,0
04223-GUA,0
04224-GUA,0
04225-GUA,0
04226-GUA,0
04227-GUA,0
04228-GUA,0
04229-GUA,0
04230-GUA,0
04231-GUA,0
04232-GUA,0
04233-GUA,0
04234-GUA,0
04235-GUA,0
04236-GUA,0
04237-GUA,0
04238-GUA,0
04239-GUA,0
04240-GUA,0
04241-GUA,0
04242-GUA,0
04243-GUA,0
04244-GUA,0
04245-GUA,0
04246-GUA,0
04247-GUA,0
04248-GUA,0
04249-GUA,0
04250-GUA,0
04251-GUA,0
04252-GUA,0
04253-GUA,0
04254-GUA,0
04255-GUA,0
04256-GUA,0
04257-GUA,0
04258-GUA,0
04259-GUA,0
04260-GUA,0
04261-GUA,0
04262-GUA,0
04263-GUA,0
04264-GUA,0
04265-GUA,0
04266-GUA,0
04267-GUA,0
04268-GUA,0
04269-GUA,0
04270-GUA,0
04271-GUA,0
04272-GUA,0
04273-GUA,0
04274-GUA,0
04275-GUA,0
04276-GUA,0
04277-GUA,0
04278-GUA,0
04279-GUA,0
04280-GUA,0
04281-GUA,0
04282-GUA,0
04283-GUA,0
04284-GUA,0
04285-GUA,0
04286-GUA,0
04287-GUA,0
04288-GUA,0
04289-GUA,0
04290-GUA,0
04291-GUA,0
04292-GUA,0
04293-GUA,0
04294-GUA,0
04295-GUA,0
04296-GUA,0
04297-GUA,0
04298-GUA,0
04299-GUA,0
04300-GUA,0
04301-GUA,0
04302-GUA,0
04303-GUA,0
04304-GUA,0
04305-GUA,0
04306-GUA,0
04307-GUA,0
04308-GUA,0
04309-GUA,0
04310-GUA,0
04311-GUA,0
04312-GUA,0
04313-GUA,0
04314-GUA,0
04315-GUA,0
04316-GUA,0
04317-GUA,0
04318-GUA,0
04319-GUA,0
04320-GUA,0
04321-GUA,0
04322-GUA,0
04323-GUA,0
04324-GUA,0
04325-GUA,0
04326-GUA,0
04327-GUA,0
04328-GUA,0
04329-GUA,0
04330-GUA,0
04331-GUA,0
04332-GUA,0
04333-GUA,0
04334-GUA,0
04335-GUA,0
04336-GUA,0
04337-GUA,0
04338-GUA,0
04339-GUA,0
04340-GUA,0
04341-GUA,0
04342-GUA,0
04343-GUA,0
04344-GUA,0
04345-GUA,0
04346-GUA,0
04347-GUA,0
04348-GUA,0
04349-GUA,0
04350-GUA,0
04351-GUA,0
04352-GUA,0
04353-GUA,0
04354-GUA,0
04355-GUA,0
04356-GUA,0
04357-GUA,0
04358-GUA,0
04359-GUA,0
04360-GUA,0
04361-GUA,0
04362-GUA,0
04363-GUA,0
04364-GUA,0
04365-GUA,0
04366-GUA,0
04367-GUA,0
04368-GUA,0
04369-GUA,0
04370-GUA,0
04371-GUA,0
04372-GUA,0
04373-GUA,0
04374-GUA,0
04375-GUA,0
04376-GUA,0
04377-GUA,0
04378-GUA,0
04379-GUA,0
04380-GUA,0
04381-GUA,0
04382-GUA,0
04383-GUA,0
04384-GUA,0
04385-GUA,0
04386-GUA,0
04387-GUA,0
04388-GUA,0
04389-GUA,0
04390-GUA,0
04391-GUA,0
04392-GUA,0
04393-GUA,0
04394-GUA,0
04395-GUA,0
04396-GUA,0
04397-GUA,0
04398-GUA,0
04399-GUA,0
04400-GUA,0
04401-GUA,0
04402-GUA,0
04403-GUA,0
04404-GUA,0
04405-GUA,0
04406-GUA,0
04407-GUA,0
04408-GUA,0
04409-GUA,0
04410-GUA,0
04411-GUA,0
04412-GUA,0
04413-GUA,0
04414-GUA,0
04415-GUA,0
04416-GUA,0
04417-GUA,0
04418-GUA,0
04419-GUA,0
04420-GUA,0
04421-GUA,0
04422-GUA,0
04423-GUA,0
04424-GUA,0
04425-GUA,0
04426-GUA,0
04427-GUA,0
04428-GUA,0
04429-GUA,0
04430-GUA,0
04431-GUA,0
04432-GUA,0
04433-GUA,0
04434-GUA,0
04435-GUA,0
04436-GUA,0
04437-GUA,0
04438-GUA,0
04439-GUA,0
04440-GUA,0
04441-GUA,0
04442-GUA,0
04443-GUA,0
04444-GUA,0
04445-GUA,0
04446-GUA,0
04447-GUA,0
04448-GUA,0
04449-GUA,0
04450-GUA,0
04451-GUA,0
04452-GUA,0
04453-GUA,0
04454-GUA,0
04455-GUA,0
04456-GUA,0
04457-GUA,0
04458-GUA,0
04459-GUA,0
04460-GUA,0
04461-GUA,0
04462-GUA,0
04463-GUA,0
04464-GUA,0
04465-GUA,0
04466-GUA,0
04467-GUA,0
04468-GUA,0
04469-GUA,0
04470-GUA,0
04471-GUA,0
04472-GUA,0
04473-GUA,0
04474-GUA,0
04475-GUA,0
04476-GUA,0
04477-GUA,0
04478-GUA,0
04479-GUA,0
04480-GUA,0
04481-GUA,0
04482-GUA,0
04483-GUA,0
04484-GUA,0
04485-GUA,0
04486-GUA,0
04487-GUA,0
04488-GUA,0
04489-GUA,0
04490-GUA,0
04491-GUA,0
04492-GUA,0
04493-GUA,0
04494-GUA,0
04495-GUA,0
04496-GUA,0
04497-GUA,0
04498-GUA,0
04499-GUA,0
04500-GUA,0
04501-GUA,0
04502-GUA,0
04503-GUA,0
04504-GUA,0
04505-GUA,0
04506-GUA,0
04507-GUA,0
04508-GUA,0
04509-GUA,0
04510-GUA,0
04511-GUA,0
04512-GUA,0
04513-GUA,0
04514-GUA,0
04515-GUA,0
04516-GUA,0
04517-GUA,0
04518-GUA,0
04519-GUA,0
04520-GUA,0
04521-GUA,0
04522-GUA,0
04523-GUA,0
04524-GUA,0
04525-GUA,0
04526-GUA,0
04527-GUA,0
04528-GUA,0
04529-GUA,0
04530-GUA,0
04531-GUA,0
04532-GUA,0
04533-GUA,0
04534-GUA,0
04535-GUA,0
04536-GUA,0
04537-GUA,0
04538-GUA,0
04539-GUA,0
04540-GUA,0
04541-GUA,0
04542-GUA,0
04543-GUA,0
04544-GUA,0
04545-GUA,0
04546-GUA,0
04547-GUA,0
04548-GUA,0
04549-GUA,0
04550-GUA,0
04551-GUA,0
04552-GUA,0
04553-GUA,0
04554-GUA,0
04555-GUA,0
04556-GUA,0
04557-GUA,0
04558-GUA,0
04559-GUA,0
04560-GUA,0
04561-GUA,0
04562-GUA,0
04563-GUA,0
04564-GUA,0
04565-GUA,0
04566-GUA,0
04567-GUA,0
04568-GUA,0
04569-GUA,0
04570-GUA,0
04571-GUA,0
04572-GUA,0
04573-GUA,0
04574-GUA,0
04575-GUA,0
04576-GUA,0
04577-GUA,0
04578-GUA,0
04579-GUA,0
04580-GUA,0
04581-GUA,0
04582-GUA,0
04583-GUA,0
04584-GUA,0
04585-GUA,0
04586-GUA,0
04587-GUA,0
04588-GUA,0
04589-GUA,0
04590-GUA,0
04591-GUA,0
04592-GUA,0
04593-GUA,0
04594-GUA,0
04595-GUA,0
04596-GUA,0
04597-GUA,0
04598-GUA,0
04599-GUA,0
04600-GUA,0
04601-GUA,0
04602-GUA,0
04603-GUA,0
04604-GUA,0
04605-GUA,0
04606-GUA,0
04607-GUA,0
04608-GUA,0
04609-GUA,0
04610-GUA,0
04611-GUA,0
04612-GUA,0
04613-GUA,0
04614-GUA,0
04615-GUA,0
04616-GUA,0
04617-GUA,0
04618-GUA,0
04619-GUA,0
04620-GUA,0
04621-GUA,0
04622-GUA,0
04623-GUA,0
04624-GUA,0
04625-GUA,0
04626-GUA,0
04627-GUA,0
04628-GUA,0
04629-GUA,0
04630-GUA,0
04631-GUA,0
04632-GUA,0
04633-GUA,0
04634-GUA,0
04635-GUA,0
04636-GUA,0
04637-GUA,0
04638-GUA,0
04639-GUA,0
04640-GUA,0
04641-GUA,0
04642-GUA,0
04643-GUA,0
04644-GUA,0
04645-GUA,0
04646-GUA,0
04647-GUA,0
04648-GUA,0
04649-GUA,0
04650-GUA,0
04651-GUA,0
04652-GUA,0
04653-GUA,0
04654-GUA,0
04655-GUA,0
04656-GUA,0
04657-GUA,0
04658-GUA,0
04659-GUA,0
04660-GUA,0
04661-GUA,0
04662-GUA,0
04663-GUA,0
04664-GUA,0
04665-GUA,0
04666-GUA,0
04667-GUA,0
04668-GUA,0
04669-GUA,0
04670-GUA,0
04671-GUA,0
04672-GUA,0
04673-GUA,0
04674-GUA,0
04675-GUA,0
04676-GUA,0
04677-GUA,0
04678-GUA,0
04679-GUA,0
04680-GUA,0
04681-GUA,0
04682-GUA,0
04683-GUA,0
04684-GUA,0
04685-GUA,0
04686-GUA,0
04687-GUA,0
04688-GUA,0
04689-GUA,0
04690-GUA,0
04691-GUA,0
04692-GUA,0
04693-GUA,0
04694-GUA,0
04695-GUA,0
04696-GUA,0
04697-GUA,0
04698-GUA,0
04699-GUA,0
04700-GUA,0
04701-GUA,0
04702-GUA,0
04703-GUA,0
04704-GUA,0
04705-GUA,0
04706-GUA,0
04707-GUA,0
04708-GUA,0
04709-GUA,0
04710-GUA,0
04711-GUA,0
04712-GUA,0
04713-GUA,0
04714-GUA,0
04715-GUA,0
04716-GUA,0
04717-GUA,0
04718-GUA,0
04719-GUA,0
04720-GUA,0
04721-GUA,0
04722-GUA,0
04723-GUA,0
04724-GUA,0
04725-GUA,0
04726-GUA,0
04727-GUA,0
04728-GUA,0
04729-GUA,0
04730-GUA,0
04731-GUA,0
04732-GUA,0
04733-GUA,0
04734-GUA,0
04735-GUA,0
04736-GUA,0
04737-GUA,0
04738-GUA,0
04739-GUA,0
04740-GUA,0
04741-GUA,0
04742-GUA,0
04743-GUA,0
04744-GUA,0
04745-GUA,0
04746-GUA,0
04747-GUA,0
04748-GUA,0
04749-GUA,0
04750-GUA,0
04751-GUA,0
04752-GUA,0
04753-GUA,0
04754-GUA,0
04755-GUA,0
04756-GUA,0
04757-GUA,0
04758-GUA,0
04759-GUA,0
04760-GUA,0
04761-GUA,0
04762-GUA,0
04763-GUA,0
04764-GUA,0
04765-GUA,0
04766-GUA,0
04767-GUA,0
04768-GUA,0
04769-GUA,0
04770-GUA,0
04771-GUA,0
04772-GUA,0
04773-GUA,0
04774-GUA,0
04775-GUA,0
04776-GUA,0
04777-GUA,0
04778-GUA,0
04779-GUA,0
04780-GUA,0
04781-GUA,0
04782-GUA,0
04783-GUA,0
04784-GUA,0
04785-GUA,0
04786-GUA,0
04787-GUA,0
04788-GUA,0
04789-GUA,0
04790-GUA,0
04791-GUA,0
04792-GUA,0
04793-GUA,0
04794-GUA,0
04795-GUA,0
04796-GUA,0
04797-GUA,0
04798-GUA,0
04799-GUA,0
04800-GUA,0
04801-GUA,0
04802-GUA,0
04803-GUA,0
04804-GUA,0
04805-GUA,0
04806-GUA,0
04807-GUA,0
04808-GUA,0
04809-GUA,0
04810-GUA,0
04811-GUA,0
04812-GUA,0
04813-GUA,0
04814-GUA,0
04815-GUA,0
04816-GUA,0
04817-GUA,0
04818-GUA,0
04819-GUA,0
04820-GUA,0
04821-GUA,0
04822-GUA,0
04823-GUA,0
04824-GUA,0
04825-GUA,0
04826-GUA,0
04827-GUA,0
04828-GUA,0
04829-GUA,0
04830-GUA,0
04831-GUA,0
04832-GUA,0
04833-GUA,0
04834-GUA,0
04835-GUA,0
04836-GUA,0
04837-GUA,0
04838-GUA,0
04839-GUA,0
04840-GUA,0
04841-GUA,0
04842-GUA,0
04843-GUA,0
04844-GUA,0
04845-GUA,0
04846-GUA,0
04847-GUA,0
04848-GUA,0
04849-GUA,0
04850-GUA,0
04851-GUA,0
04852-GUA,0
04853-GUA,0
04854-GUA,0
04855-GUA,0
04856-GUA,0
04857-GUA,0
04858-GUA,0
04859-GUA,0
04860-GUA,0
04861-GUA,0
04862-GUA,0
04863-GUA,0
04864-GUA,0
04865-GUA,0
04866-GUA,0
04867-GUA,0
04868-GUA,0
04869-GUA,0
04870-GUA,0
04871-GUA,0
04872-GUA,0
04873-GUA,0
04874-GUA,0
04875-GUA,0
04876-GUA,0
04877-GUA,0
04878-GUA,0
04879-GUA,0
04880-GUA,0
04881-GUA,0
04882-GUA,0
04883-GUA,0
04884-GUA,0
04885-GUA,0
04886-GUA,0
04887-GUA,0
04888-GUA,0
04889-GUA,0
04890-GUA,0
04891-GUA,0
04892-GUA,0
04893-GUA,0
04894-GUA,0
04895-GUA,0
04896-GUA,0
04897-GUA,0
04898-GUA,0
04899-GUA,0
04900-GUA,0
04901-GUA,0
04902-GUA,0
04903-GUA,0
04904-GUA,0
04905-GUA,0
04906-GUA,0
04907-GUA,0
04908-GUA,0
04909-GUA,0
04910-GUA,0
04911-GUA,0
04912-GUA,0
04913-GUA,0
04914-GUA,0
04915-GUA,0
04916-GUA,0
04917-GUA,0
04918-GUA,0
04919-GUA,0
04920-GUA,0
04921-GUA,0
04922-GUA,0
04923-GUA,0
04924-GUA,0
04925-GUA,0
04926-GUA,0
04927-GUA,0
04928-GUA,0
04929-GUA,0
04930-GUA,0
04931-GUA,0
04932-GUA,0
04933-GUA,0
04934-GUA,0
04935-GUA,0
04936-GUA,0
04937-GUA,0
04938-GUA,0
04939-GUA,0
04940-GUA,0
04941-GUA,0
04942-GUA,0
04943-GUA,0
04944-GUA,0
04945-GUA,0
04946-GUA,0
04947-GUA,0
04948-GUA,0
04949-GUA,0
04950-GUA,0
04951-GUA,0
04952-GUA,0
04953-GUA,0
04954-GUA,0
04955-GUA,0
04956-GUA,0
04957-GUA,0
04958-GUA,0
04959-GUA,0
04960-GUA,0
04961-GUA,0
04962-GUA,0
04963-GUA,0
04964-GUA,0
04965-GUA,0
04966-GUA,0
04967-GUA,0
04968-GUA,0
04969-GUA,0
04970-GUA,0
04971-GUA,0
04972-GUA,0
04973-GUA,0
04974-GUA,0
04975-GUA,0
04976-GUA,0
04977-GUA,0
04978-GUA,0
04979-GUA,0
04980-GUA,0
04981-GUA,0
04982-GUA,0
04983-GUA,0
04984-GUA,0
04985-GUA,0
04986-GUA,0
04987-GUA,0
04988-GUA,0
04989-GUA,0
04990-GUA,0
04991-GUA,0
04992-GUA,0
04993-GUA,0
04994-GUA,0
04995-GUA,0
04996-GUA,0
04997-GUA,0
04998-GUA,0
04999-GUA,0
05000-GUA,0
05001-GUA,0
05002-GUA,0
05003-GUA,0
05004-GUA,0
05005-GUA,0
05006-GUA,0
05007-GUA,0
05008-GUA,0
05009-GUA,0
05010-GUA,0
05011-GUA,0
05012-GUA,0
05013-GUA,0
05014-GUA,0
05015-GUA,0
05016-GUA,0
05017-GUA,0
05018-GUA,0
05019-GUA,0
05020-GUA,0
05021-GUA,0
05022-GUA,0
05023-GUA,0
05024-GUA,0
05025-GUA,0
05026-GUA,0
05027-GUA,0
05028-GUA,0
05029-GUA,0
05030-GUA,0
05031-GUA,0
05032-GUA,0
05033-GUA,0
05034-GUA,0
05035-GUA,0
05036-GUA,0
05037-GUA,0
05038-GUA,0
05039-GUA,0
05040-GUA,0
05041-GUA,0
05042-GUA,0
05043-GUA,0
05044-GUA,0
05045-GUA,0
05046-GUA,0
05047-GUA,0
05048-GUA,0
05049-GUA,0
05050-GUA,0
05051-GUA,0
05052-GUA,0
05053-GUA,0
05054-GUA,0
05055-GUA,0
05056-GUA,0
05057-GUA,0
05058-GUA,0
05059-GUA,0
05060-GUA,0
05061-GUA,0
05062-GUA,0
05063-GUA,0
05064-GUA,0
05065-GUA,0
05066-GUA,0
05067-GUA,0
05068-GUA,0
05069-GUA,0
05070-GUA,0
05071-GUA,0
05072-GUA,0
05073-GUA,0
05074-GUA,0
05075-GUA,0
05076-GUA,0
05077-GUA,0
05078-GUA,0
05079-GUA,0
05080-GUA,0
05081-GUA,0
05082-GUA,0
05083-GUA,0
05084-GUA,0
05085-GUA,0
05086-GUA,0
05087-GUA,0
05088-GUA,0
05089-GUA,0
05090-GUA,0
05091-GUA,0
05092-GUA,0
05093-GUA,0
05094-GUA,0
05095-GUA,0
05096-GUA,0
05097-GUA,0
05098-GUA,0
05099-GUA,0
05100-GUA,0
05101-GUA,0
05102-GUA,0
05103-GUA,0
05104-GUA,0
05105-GUA,0
05106-GUA,0
05107-GUA,0
05108-GUA,0
05109-GUA,0
05110-GUA,0
05111-GUA,0
05112-GUA,0
05113-GUA,0
05114-GUA,0
05115-GUA,0
05116-GUA,0
05117-GUA,0
05118-GUA,0
05119-GUA,0
05120-GUA,0
05121-GUA,0
05122-GUA,0
05123-GUA,0
05124-GUA,0
05125-GUA,0
05126-GUA,0
05127-GUA,0
05128-GUA,0
05129-GUA,0
05130-GUA,0
05131-GUA,0
05132-GUA,0
05133-GUA,0
05134-GUA,0
05135-GUA,0
05136-GUA,0
05137-GUA,0
05138-GUA,0
05139-GUA,0
05140-GUA,0
05141-GUA,0
05142-GUA,0
05143-GUA,0
05144-GUA,0
05145-GUA,0
05146-GUA,0
05147-GUA,0
05148-GUA,0
05149-GUA,0
05150-GUA,0
05151-GUA,0
05152-GUA,0
05153-GUA,0
05154-GUA,0
05155-GUA,0
05156-GUA,0
05157-GUA,0
05158-GUA,0
05159-GUA,0
05160-GUA,0
05161-GUA,0
05162-GUA,0
05163-GUA,0
05164-GUA,0
05165-GUA,0
05166-GUA,0
05167-GUA,0
05168-GUA,0
05169-GUA,0
05170-GUA,0
05171-GUA,0
05172-GUA,0
05173-GUA,0
05174-GUA,0
05175-GUA,0
05176-GUA,0
05177-GUA,0
05178-GUA,0
05179-GUA,0
05180-GUA,0
05181-GUA,0
05182-GUA,0
05183-GUA,0
05184-GUA,0
05185-GUA,0
05186-GUA,0
05187-GUA,0
05188-GUA,0
05189-GUA,0
05190-GUA,0
05191-GUA,0
05192-GUA,0
05193-GUA,0
05194-GUA,0
05195-GUA,0
05196-GUA,0
05197-GUA,0
05198-GUA,0
05199-GUA,0
05200-GUA,0
05201-GUA,0
05202-GUA,0
05203-GUA,0
05204-GUA,0
05205-GUA,0
05206-GUA,0
05207-GUA,0
05208-GUA,0
05209-GUA,0
05210-GUA,0
05211-GUA,0
05212-GUA,0
05213-GUA,0
05214-GUA,0
05215-GUA,0
05216-GUA,0
05217-GUA,0
05218-GUA,0
05219-GUA,0
05220-GUA,0
05221-GUA,0
05222-GUA,0
05223-GUA,0
05224-GUA,0
05225-GUA,0
05226-GUA,0
05227-GUA,0
05228-GUA,0
05229-GUA,0
05230-GUA,0
05231-GUA,0
05232-GUA,0
05233-GUA,0
05234-GUA,0
05235-GUA,0
05236-GUA,0
05237-GUA,0
05238-GUA,0
05239-GUA,0
05240-GUA,0
05241-GUA,0
05242-GUA,0
05243-GUA,0
05244-GUA,0
05245-GUA,0
05246-GUA,0
05247-GUA,0
05248-GUA,0
05249-GUA,0
05250-GUA,0
05251-GUA,0
05252-GUA,0
05253-GUA,0
05254-GUA,0
05255-GUA,0
05256-GUA,0
05257-GUA,0
05258-GUA,0
05259-GUA,0
05260-GUA,0
05261-GUA,0
05262-GUA,0
05263-GUA,0
05264-GUA,0
05265-GUA,0
05266-GUA,0
05267-GUA,0
05268-GUA,0
05269-GUA,0
05270-GUA,0
05271-GUA,0
05272-GUA,0
05273-GUA,0
05274-GUA,0
05275-GUA,0
05276-GUA,0
05277-GUA,0
05278-GUA,0
05279-GUA,0
05280-GUA,0
05281-GUA,0
05282-GUA,0
05283-GUA,0
05284-GUA,0
05285-GUA,0
05286-GUA,0
05287-GUA,0
05288-GUA,0
05289-GUA,0
05290-GUA,0
05291-GUA,0
05292-GUA,0
05293-GUA,0
05294-GUA,0
05295-GUA,0
05296-GUA,0
05297-GUA,0
05298-GUA,0
05299-GUA,0
05300-GUA,0
05301-GUA,0
05302-GUA,0
05303-GUA,0
05304-GUA,0
05305-GUA,0
05306-GUA,0
05307-GUA,0
05308-GUA,0
05309-GUA,0
05310-GUA,0
05311-GUA,0
05312-GUA,0
05313-GUA,0
05314-GUA,0
05315-GUA,0
05316-GUA,0
05317-GUA,0
05318-GUA,0
05319-GUA,0
05320-GUA,0
05321-GUA,0
05322-GUA,0
05323-GUA,0
05324-GUA,0
05325-GUA,0
05326-GUA,0
05327-GUA,0
05328-GUA,0
05329-GUA,0
05330-GUA,0
05331-GUA,0
05332-GUA,0
05333-GUA,0
05334-GUA,0
05335-GUA,0
05336-GUA,0
05337-GUA,0
05338-GUA,0
05339-GUA,0
05340-GUA,0
05341-GUA,0
05342-GUA,0
05343-GUA,0
05344-GUA,0
05345-GUA,0
05346-GUA,0
05347-GUA,0
05348-GUA,0
05349-GUA,0
05350-GUA,0
05351-GUA,0
05352-GUA,0
05353-GUA,0
05354-GUA,0
05355-GUA,0
05356-GUA,0
05357-GUA,0
05358-GUA,0
05359-GUA,0
05360-GUA,0
05361-GUA,0
05362-GUA,0
05363-GUA,0
05364-GUA,0
05365-GUA,0
05366-GUA,0
05367-GUA,0
05368-GUA,0
05369-GUA,0
05370-GUA,0
05371-GUA,0
05372-GUA,0
05373-GUA,0
05374-GUA,0
05375-GUA,0
05376-GUA,0
05377-GUA,0
05378-GUA,0
05379-GUA,0
05380-GUA,0
05381-GUA,0
05382-GUA,0
05383-GUA,0
05384-GUA,0
05385-GUA,0
05386-GUA,0
05387-GUA,0
05388-GUA,0
05389-GUA,0
05390-GUA,0
05391-GUA,0
05392-GUA,0
05393-GUA,0
05394-GUA,0
05395-GUA,0
05396-GUA,0
05397-GUA,0
05398-GUA,0
05399-GUA,0
05400-GUA,0
05401-GUA,0
05402-GUA,0
05403-GUA,0
05404-GUA,0
05405-GUA,0
05406-GUA,0
05407-GUA,0
05408-GUA,0
05409-GUA,0
05410-GUA,0
05411-GUA,0
05412-GUA,0
05413-GUA,0
05414-GUA,0
05415-GUA,0
05416-GUA,0
05417-GUA,0
05418-GUA,0
05419-GUA,0
05420-GUA,0
05421-GUA,0
05422-GUA,0
05423-GUA,0
05424-GUA,0
05425-GUA,0
05426-GUA,0
05427-GUA,0
05428-GUA,0
05429-GUA,0
05430-GUA,0
05431-GUA,0
05432-GUA,0
05433-GUA,0
05434-GUA,0
05435-GUA,0
05436-GUA,0
05437-GUA,0
05438-GUA,0
05439-GUA,0
05440-GUA,0
05441-GUA,0
05442-GUA,0
05443-GUA,0
05444-GUA,0
05445-GUA,0
05446-GUA,0
05447-GUA,0
05448-GUA,0
05449-GUA,0
05450-GUA,0
05451-GUA,0
05452-GUA,0
05453-GUA,0
05454-GUA,0
05455-GUA,0
05456-GUA,0
05457-GUA,0
05458-GUA,0
05459-GUA,0
05460-GUA,0
05461-GUA,0
05462-GUA,0
05463-GUA,0
05464-GUA,0
05465-GUA,0
05466-GUA,0
05467-GUA,0
05468-GUA,0
05469-GUA,0
05470-GUA,0
05471-GUA,0
05472-GUA,0
05473-GUA,0
05474-GUA,0
05475-GUA,0
05476-GUA,0
05477-GUA,0
05478-GUA,0
05479-GUA,0
05480-GUA,0
05481-GUA,0
05482-GUA,0
05483-GUA,0
05484-GUA,0
05485-GUA,0
05486-GUA,0
05487-GUA,0
05488-GUA,0
05489-GUA,0
05490-GUA,0
05491-GUA,0
05492-GUA,0
05493-GUA,0
05494-GUA,0
05495-GUA,0
05496-GUA,0
05497-GUA,0
05498-GUA,0
05499-GUA,0
05500-GUA,0
05501-GUA,0
05502-GUA,0
05503-GUA,0
05504-GUA,0
05505-GUA,0
05506-GUA,0
05507-GUA,0
05508-GUA,0
05509-GUA,0
05510-GUA,0
05511-GUA,0
05512-GUA,0
05513-GUA,0
05514-GUA,0
05515-GUA,0
05516-GUA,0
05517-GUA,0
05518-GUA,0
05519-GUA,0
05520-GUA,0
05521-GUA,0
05522-GUA,0
05523-GUA,0
05524-GUA,0
05525-GUA,0
05526-GUA,0
05527-GUA,0
05528-GUA,0
05529-GUA,0
05530-GUA,0
05531-GUA,0
05532-GUA,0
05533-GUA,0
05534-GUA,0
05535-GUA,0
05536-GUA,0
05537-GUA,0
05538-GUA,0
05539-GUA,0
05540-GUA,0
05541-GUA,0
05542-GUA,0
05543-GUA,0
05544-GUA,0
05545-GUA,0
05546-GUA,0
05547-GUA,0
05548-GUA,0
05549-GUA,0
05550-GUA,0
05551-GUA,0
05552-GUA,0
05553-GUA,0
05554-GUA,0
05555-GUA,0
05556-GUA,0
05557-GUA,0
05558-GUA,0
05559-GUA,0
05560-GUA,0
05561-GUA,0
05562-GUA,0
05563-GUA,0
05564-GUA,0
05565-GUA,0
05566-GUA,0
05567-GUA,0
05568-GUA,0
05569-GUA,0
05570-GUA,0
05571-GUA,0
05572-GUA,0
05573-GUA,0
05574-GUA,0
05575-GUA,0
05576-GUA,0
05577-GUA,0
05578-GUA,0
05579-GUA,0
05580-GUA,0
05581-GUA,0
05582-GUA,0
05583-GUA,0
05584-GUA,0
05585-GUA,0
05586-GUA,0
05587-GUA,0
05588-GUA,0
05589-GUA,0
05590-GUA,0
05591-GUA,0
05592-GUA,0
05593-GUA,0
05594-GUA,0
05595-GUA,0
05596-GUA,0
05597-GUA,0
05598-GUA,0
05599-GUA,0
05600-GUA,0
05601-GUA,0
05602-GUA,0
05603-GUA,0
05604-GUA,0
05605-GUA,0
05606-GUA,0
05607-GUA,0
05608-GUA,0
05609-GUA,0
05610-GUA,0
05611-GUA,0
05612-GUA,0
05613-GUA,0
05614-GUA,0
05615-GUA,0
05616-GUA,0
05617-GUA,0
05618-GUA,0
05619-GUA,0
05620-GUA,0
05621-GUA,0
05622-GUA,0
05623-GUA,0
05624-GUA,0
05625-GUA,0
05626-GUA,0
05627-GUA,0
05628-GUA,0
05629-GUA,0
05630-GUA,0
05631-GUA,0
05632-GUA,0
05633-GUA,0
05634-GUA,0
05635-GUA,0
05636-GUA,0
05637-GUA,0
05638-GUA,0
05639-GUA,0
05640-GUA,0
05641-GUA,0
05642-GUA,0
05643-GUA,0
05644-GUA,0
05645-GUA,0
05646-GUA,0
05647-GUA,0
05648-GUA,0
05649-GUA,0
05650-GUA,0
05651-GUA,0
05652-GUA,0
05653-GUA,0
05654-GUA,0
05655-GUA,0
05656-GUA,0
05657-GUA,0
05658-GUA,0
05659-GUA,0
05660-GUA,0
05661-GUA,0
05662-GUA,0
05663-GUA,0
05664-GUA,0
05665-GUA,0
05666-GUA,0
05667-GUA,0
05668-GUA,0
05669-GUA,0
05670-GUA,0
05671-GUA,0
05672-GUA,0
05673-GUA,0
05674-GUA,0
05675-GUA,0
05676-GUA,0
05677-GUA,0
05678-GUA,0
05679-GUA,0
05680-GUA,0
05681-GUA,0
05682-GUA,0
05683-GUA,0
05684-GUA,0
05685-BON,0
05686-BON,0
05687-BON,0
05688-BON,0
05689-BON,0
05690-BON,0
05691-BON,0
05692-BON,0
05693-BON,0
05694-BON,0
05695-BON,0
05696-BON,0
05697-BON,0
05698-BON,0
05699-BON,0
05700-BON,0
05701-BON,0
05702-BON,0
05703-BON,0
05704-BON,0
05705-BON,0
05706-BON,0
05707-BON,0
05708-BON,0
05709-BON,0
05710-BON,0
05711-BON,0
05712-BON,0
05713-BON,0
05714-BON,0
05715-BON,0
05716-BON,0
05717-BON,0
05718-BON,0
05719-BON,0
05720-BON,0
05721-BON,0
05722-BON,0
05723-BON,0
05724-BON,0
05725-BON,0
05726-BON,0
05727-BON,0
05728-BON,0
05729-BON,0
05730-BON,0
05731-BON,0
05732-BON,0
05733-BON,0
05734-BON,0
05735-BON,0
05736-BON,0
05737-BON,0
05738-BON,0
05739-BON,0
05740-BON,0
05741-BON,0
05742-BON,0
05743-BON,0
05744-BON,0
05745-BON,0
05746-BON,0
05747-BON,0
05748-BON,0
05749-BON,0
05750-BON,0
05751-BON,0
05752-BON,0
05753-BON,0
05754-BON,0
05755-BON,0
05756-BON,0
05757-BON,0
05758-BON,0
05759-BON,0
05760-BON,0
05761-BON,0
05762-BON,0
05763-BON,0
05764-BON,0
05765-BON,0
05766-BON,0
05767-BON,0
05768-BON,0
05769-BON,0
05770-BON,0
05771-BON,0
05772-BON,0
05773-BON,0
05774-BON,0
05775-BON,0
05776-BON,0
05777-BON,0
05778-BON,0
05779-BON,0
05780-BON,0
05781-BON,0
05782-BON,0
05783-BON,0
05784-BON,0
05785-BON,0
05786-BON,0
05787-BON,0
05788-BON,0
05789-BON,0
05790-BON,0
05791-BON,0
05792-BON,0
05793-BON,0
05794-BON,0
05795-BON,0
05796-BON,0
05797-BON,0
05798-BON,0
05799-BON,0
05800-BON,0
05801-BON,0
05802-BON,0
05803-BON,0
05804-BON,0
05805-BON,0
05806-BON,0
05807-BON,0
05808-BON,0
05809-BON,0
05810-BON,0
05811-BON,0
05812-BON,0
05813-BON,0
05814-BON,0
05815-BON,0
05816-BON,0
05817-BON,0
05818-BON,0
05819-BON,0
05820-BON,0
05821-BON,0
05822-BON,0
05823-BON,0
05824-BON,0
05825-BON,0
05826-BON,0
05827-BON,0
05828-BON,0
05829-BON,0
05830-BON,0
05831-BON,0
05832-BON,0
05833-BON,0
05834-BON,0
05835-BON,0
05836-BON,0
05837-BON,0
05838-BON,0
05839-BON,0
05840-BON,0
05841-BON,0
05842-BON,0
05843-BON,0
